,odd_size_score,is_odd_size_issue,odd_aspect_ratio_score,is_odd_aspect_ratio_issue,low_information_score,is_low_information_issue,light_score,is_light_issue,grayscale_score,is_grayscale_issue,dark_score,is_dark_issue,blurry_score,is_blurry_issue,exact_duplicates_score,is_exact_duplicates_issue,near_duplicates_score,is_near_duplicates_issue
C:/Users/jood1/Documents/stc-lora-dataset/000232.jpg,1.0,False,0.5625,False,0.9283616646892524,False,0.9236692077202282,False,1,False,0.8996479895994384,False,0.5039842038344733,False,1.0,False,1.0,False
C:/Users/jood1/Documents/stc-lora-dataset/000233.jpg,1.0,False,0.5625,False,0.782290769809907,False,0.4112925685615696,False,1,False,0.8512516419597992,False,0.4168462640635452,False,1.0,False,1.0,False
C:/Users/jood1/Documents/stc-lora-dataset/000270.jpg,1.0,False,0.5625,False,0.913734633127643,False,0.851731977884101,False,1,False,1.0,False,0.5257738813121065,False,1.0,False,1.0,False
C:/Users/jood1/Documents/stc-lora-dataset/000282.jpg,1.0,False,0.5625,False,0.8630693910167566,False,0.9520303825491048,False,1,False,0.9327803684074158,False,0.4813470297071436,False,1.0,False,1.0,False
C:/Users/jood1/Documents/stc-lora-dataset/000284.jpg,1.0,False,0.5625,False,0.8963459140128492,False,0.9269412711945295,False,1,False,0.9236606625854774,False,0.47861171284402293,False,1.0,False,1.0,False
C:/Users/jood1/Documents/stc-lora-dataset/000289.jpg,1.0,False,0.5625,False,0.9330079480351992,False,0.9176470588235294,False,1,False,0.9886509630014014,False,0.5312401467606072,False,1.0,False,1.0,False
C:/Users/jood1/Documents/stc-lora-dataset/000295.jpg,1.0,False,0.5625,False,0.8850104403850552,False,0.9358457261177203,False,1,False,0.9921568627450981,False,0.5085997021186015,False,1.0,False,1.0,False
C:/Users/jood1/Documents/stc-lora-dataset/000314.jpg,1.0,False,0.5625,False,0.8851260735722326,False,0.9882352941176471,False,1,False,0.7032831776668875,False,0.5260142609456344,False,1.0,False,1.0,False
C:/Users/jood1/Documents/stc-lora-dataset/000355.jpg,1.0,False,0.5625,False,0.779393485243491,False,0.6775425721556243,False,1,False,0.9945869952105282,False,0.663123807952084,False,1.0,False,1.0,False
C:/Users/jood1/Documents/stc-lora-dataset/000370.jpg,1.0,False,0.5625,False,0.9109909857167203,False,0.9148118305076739,False,1,False,0.9464929336821213,False,0.5434301933988944,False,1.0,False,1.0,False
C:/Users/jood1/Documents/stc-lora-dataset/000380.jpg,1.0,False,0.5625,False,0.7522639473212989,False,1.0,False,1,False,0.7743717722620564,False,0.8419626333164968,False,1.0,False,1.0,False
C:/Users/jood1/Documents/stc-lora-dataset/000401.jpg,1.0,False,0.5625,False,0.7385991481546539,False,1.0,False,1,False,0.5051749880492477,False,0.478260652590065,False,1.0,False,1.0,False
C:/Users/jood1/Documents/stc-lora-dataset/000433.jpg,1.0,False,0.5625,False,0.7553140988017488,False,0.9951271452338795,False,1,False,0.8420801398547031,False,0.4673701045720636,False,1.0,False,1.0,False
C:/Users/jood1/Documents/stc-lora-dataset/000439.jpg,1.0,False,0.5625,False,0.8825254756623706,False,0.9475897354292867,False,1,False,0.7237416660874687,False,0.43478161213858524,False,1.0,False,1.0,False
C:/Users/jood1/Documents/stc-lora-dataset/000441.jpg,1.0,False,0.5625,False,0.9225094792418504,False,0.9720834990278463,False,1,False,0.9739433947901112,False,0.5000963639169125,False,1.0,False,1.0,False
C:/Users/jood1/Documents/stc-lora-dataset/000443.jpg,1.0,False,0.5625,False,0.9078372405946553,False,0.9115611933040917,False,1,False,0.8907316001718982,False,0.5188052689218848,False,1.0,False,1.0,False
C:/Users/jood1/Documents/stc-lora-dataset/000475.jpg,1.0,False,0.5625,False,0.8435669087384006,False,0.746465155064203,False,1,False,0.9918854856327904,False,0.5286820917250457,False,1.0,False,1.0,False
C:/Users/jood1/Documents/stc-lora-dataset/000486.jpg,1.0,False,0.5625,False,0.8448675555345315,False,0.9737187600074146,False,1,False,0.7248062913209882,False,0.42577748988125264,False,1.0,False,1.0,False
C:/Users/jood1/Documents/stc-lora-dataset/000527.jpg,1.0,False,0.5625,False,0.8635979111670666,False,0.996078431372549,False,1,False,0.9158884774857037,False,0.5556168685059519,False,1.0,False,1.0,False
C:/Users/jood1/Documents/stc-lora-dataset/000528.jpg,1.0,False,0.5625,False,0.8695769910486892,False,0.9695127357818403,False,1,False,0.7919547305692728,False,0.4210838654451259,False,1.0,False,1.0,False
C:/Users/jood1/Documents/stc-lora-dataset/000549.jpg,1.0,False,0.5625,False,0.7002369884541115,False,0.9411764705882353,False,1,False,0.4918812758608358,False,0.41826283388667174,False,1.0,False,1.0,False
C:/Users/jood1/Documents/stc-lora-dataset/000594.jpg,1.0,False,0.5625,False,0.736947904455336,False,1.0,False,1,False,0.5795026039405312,False,0.7363589080328038,False,1.0,False,1.0,False
C:/Users/jood1/Documents/stc-lora-dataset/000602.jpg,1.0,False,0.5625,False,0.9025931855800204,False,0.9235947991971291,False,1,False,0.7756526589198958,False,0.5021920948942127,False,1.0,False,1.0,False
C:/Users/jood1/Documents/stc-lora-dataset/000607.jpg,1.0,False,0.5625,False,0.7562071109620687,False,0.9803921568627451,False,1,False,0.8606480038573475,False,0.7936961188545321,False,1.0,False,1.0,False
C:/Users/jood1/Documents/stc-lora-dataset/000608.jpg,1.0,False,0.5625,False,0.7511816316874697,False,0.9803921568627451,False,1,False,0.8344629206939466,False,0.780616241383098,False,1.0,False,1.0,False
C:/Users/jood1/Documents/stc-lora-dataset/000619.jpg,1.0,False,0.5625,False,0.9030752201212829,False,0.926695926986706,False,1,False,1.0,False,0.5624328573524056,False,1.0,False,1.0,False
C:/Users/jood1/Documents/stc-lora-dataset/000626.jpg,1.0,False,0.5625,False,0.9306154935208243,False,0.9254901960784314,False,1,False,0.9370475445410912,False,0.5523878052484756,False,1.0,False,1.0,False
C:/Users/jood1/Documents/stc-lora-dataset/000637.jpg,1.0,False,0.5625,False,0.8923632321870643,False,0.9612053979822812,False,1,False,0.9897758844417911,False,0.5123753792982286,False,1.0,False,1.0,False
C:/Users/jood1/Documents/stc-lora-dataset/000679.jpg,1.0,False,0.5625,False,0.6900356820832604,False,0.3293819064094823,False,1,False,0.9864925888395958,False,0.672301503032849,False,1.0,False,1.0,False
C:/Users/jood1/Documents/stc-lora-dataset/000680.jpg,1.0,False,0.5625,False,0.7881877428929349,False,0.9452563908287183,False,1,False,0.9752020187204377,False,0.48625655668351253,False,1.0,False,1.0,False
C:/Users/jood1/Documents/stc-lora-dataset/000691.jpg,1.0,False,0.5625,False,0.8666348339539183,False,0.9545822077216405,False,1,False,0.7551000504043969,False,0.4948423025341575,False,1.0,False,1.0,False
C:/Users/jood1/Documents/stc-lora-dataset/000816.jpg,1.0,False,0.5625,False,0.36349683686855233,False,0.8029986816906816,False,1,False,1.0,False,1.0,False,1.0,False,1.0,False
C:/Users/jood1/Documents/stc-lora-dataset/000831.jpg,1.0,False,0.5625,False,0.8295010713578489,False,0.9699678501117098,False,1,False,0.5927634643932493,False,0.42176400526343905,False,1.0,False,1.0,False
C:/Users/jood1/Documents/stc-lora-dataset/000845.jpg,1.0,False,0.5625,False,0.9084783184983929,False,0.9005592725022846,False,1,False,0.837090179874665,False,0.5199274499372792,False,1.0,False,1.0,False
C:/Users/jood1/Documents/stc-lora-dataset/000934.jpg,1.0,False,0.5625,False,0.8492879227864517,False,0.8267511961946279,False,1,False,0.8322524293223983,False,0.4585552704551248,False,1.0,False,1.0,False
C:/Users/jood1/Documents/stc-lora-dataset/000936.jpg,1.0,False,0.5625,False,0.9158895461633958,False,0.9450314129761349,False,1,False,0.8828549944223403,False,0.5773297816577383,False,1.0,False,1.0,False
C:/Users/jood1/Documents/stc-lora-dataset/000956.jpg,1.0,False,0.5625,False,0.7318387170078217,False,0.9520331076629229,False,1,False,1.0,False,0.6668947232808289,False,1.0,False,1.0,False
C:/Users/jood1/Documents/stc-lora-dataset/000957.jpg,1.0,False,0.5625,False,0.8247808232507456,False,0.9018006014468446,False,1,False,1.0,False,0.4586491004451364,False,1.0,False,1.0,False
C:/Users/jood1/Documents/stc-lora-dataset/000959.jpg,1.0,False,0.5625,False,0.8324674937414083,False,0.9612053979822812,False,1,False,1.0,False,0.45252119954337944,False,1.0,False,1.0,False
C:/Users/jood1/Documents/stc-lora-dataset/000961.jpg,1.0,False,0.5625,False,0.8583543223042492,False,0.8022130902496604,False,1,False,0.9175366197997696,False,0.4816038890715926,False,1.0,False,1.0,False
C:/Users/jood1/Documents/stc-lora-dataset/000962.jpg,1.0,False,0.5625,False,0.8987834499545606,False,0.7268227300119221,False,1,False,1.0,False,0.5148182737869923,False,1.0,False,1.0,False
C:/Users/jood1/Documents/stc-lora-dataset/000967.jpg,1.0,False,0.5625,False,0.8952300621672888,False,0.6947272288244125,False,1,False,1.0,False,0.4994493741938273,False,1.0,False,1.0,False
C:/Users/jood1/Documents/stc-lora-dataset/000969.jpg,1.0,False,0.5625,False,0.785232538755229,False,0.5015015703613779,False,1,False,1.0,False,0.4921655845471663,False,1.0,False,1.0,False
C:/Users/jood1/Documents/stc-lora-dataset/000971.jpg,1.0,False,0.5625,False,0.8324300942040692,False,0.5516846691119457,False,1,False,0.9703968993422122,False,0.45048733451725986,False,1.0,False,1.0,False
C:/Users/jood1/Documents/stc-lora-dataset/000975.jpg,1.0,False,0.5625,False,0.8381200637527857,False,0.819360612724428,False,1,False,1.0,False,0.4786823904539138,False,1.0,False,1.0,False
C:/Users/jood1/Documents/stc-lora-dataset/000978.jpg,1.0,False,0.5625,False,0.8667465279787638,False,0.8117038905431094,False,1,False,1.0,False,0.4910371642408756,False,1.0,False,1.0,False
C:/Users/jood1/Documents/stc-lora-dataset/000983.jpg,1.0,False,0.5625,False,0.6211109623971283,False,0.8058052836691312,False,1,False,1.0,False,1.0,False,1.0,False,1.0,False
C:/Users/jood1/Documents/stc-lora-dataset/000991.jpg,1.0,False,0.5625,False,0.8932129402230571,False,0.9254746146322874,False,1,False,1.0,False,0.4821584507131583,False,1.0,False,1.0,False
C:/Users/jood1/Documents/stc-lora-dataset/000992.jpg,1.0,False,0.5625,False,0.8629597685853103,False,0.800181743476382,False,1,False,0.9470086699666093,False,0.4760674849843973,False,1.0,False,1.0,False
C:/Users/jood1/Documents/stc-lora-dataset/001105.jpg,1.0,False,0.5625,False,0.8725935094862056,False,0.6411747777583867,False,1,False,1.0,False,0.501678653940991,False,1.0,False,1.0,False
C:/Users/jood1/Documents/stc-lora-dataset/001113.jpg,1.0,False,0.5625,False,0.8389993478963128,False,0.9672792153196761,False,1,False,0.5943137966502955,False,0.44579218457145064,False,1.0,False,1.0,False
C:/Users/jood1/Documents/stc-lora-dataset/001189.jpg,1.0,False,0.5625,False,0.908608726628052,False,0.9481727947116871,False,1,False,0.8776865802662966,False,0.5203449826478896,False,1.0,False,1.0,False
C:/Users/jood1/Documents/stc-lora-dataset/001197.jpg,1.0,False,0.5625,False,0.8856281560546132,False,0.93329216957116,False,1,False,0.9694243923284419,False,0.514178095843107,False,1.0,False,1.0,False
C:/Users/jood1/Documents/stc-lora-dataset/001207.jpg,1.0,False,0.5625,False,0.8514777885231581,False,0.9345443322206209,False,1,False,0.910238131679253,False,0.5004899302479955,False,1.0,False,1.0,False
C:/Users/jood1/Documents/stc-lora-dataset/001239.jpg,1.0,False,0.5625,False,0.8969699677585155,False,0.9409286267011983,False,1,False,0.8740243090940611,False,0.5511394815256401,False,1.0,False,1.0,False
C:/Users/jood1/Documents/stc-lora-dataset/001241.jpg,1.0,False,0.5625,False,0.83766473120952,False,0.9660724248772461,False,1,False,0.873979894324631,False,0.4706043503720767,False,1.0,False,1.0,False
C:/Users/jood1/Documents/stc-lora-dataset/001242.jpg,1.0,False,0.5625,False,0.8695494858149921,False,0.9520331076629229,False,1,False,0.8075021172467223,False,0.5139424573302982,False,1.0,False,1.0,False
C:/Users/jood1/Documents/stc-lora-dataset/001244.jpg,1.0,False,0.5625,False,0.8510332017008386,False,0.964977954984572,False,1,False,0.950861702720687,False,0.5241527260414327,False,1.0,False,1.0,False
C:/Users/jood1/Documents/stc-lora-dataset/001265.jpg,1.0,False,0.5625,False,0.8320428948641174,False,1.0,False,1,False,0.8001831489699248,False,0.6785693480021774,False,1.0,False,1.0,False
C:/Users/jood1/Documents/stc-lora-dataset/001273.jpg,1.0,False,0.5625,False,0.7017680669396938,False,0.8678422645051218,False,1,False,1.0,False,0.8272732726303798,False,1.0,False,1.0,False
C:/Users/jood1/Documents/stc-lora-dataset/001293.jpg,1.0,False,0.5625,False,0.9122306521100194,False,0.8991083961634009,False,1,False,0.9119062334055519,False,0.560928737993996,False,1.0,False,1.0,False
C:/Users/jood1/Documents/stc-lora-dataset/001301.jpg,1.0,False,0.5625,False,0.7947782124667411,False,0.9602019708794995,False,1,False,0.7248614127309317,False,0.4600567929452737,False,1.0,False,1.0,False
C:/Users/jood1/Documents/stc-lora-dataset/001303.jpg,1.0,False,0.5625,False,0.7306269168138794,False,0.9694281089417777,False,1,False,0.7769208834932917,False,0.6265234999760809,False,1.0,False,1.0,False
C:/Users/jood1/Documents/stc-lora-dataset/001324.jpg,1.0,False,0.5625,False,0.9099171116841615,False,0.9454521221979919,False,1,False,0.916818764774855,False,0.5265243371295678,False,1.0,False,1.0,False
C:/Users/jood1/Documents/stc-lora-dataset/001354.jpg,1.0,False,0.5625,False,0.771771036048449,False,1.0,False,1,False,0.9925299151406259,False,0.8250271922869803,False,1.0,False,1.0,False
C:/Users/jood1/Documents/stc-lora-dataset/001355.jpg,1.0,False,0.5625,False,0.6473632137003694,False,1.0,False,1,False,0.46734656354520926,False,0.7059814404899428,False,1.0,False,1.0,False
C:/Users/jood1/Documents/stc-lora-dataset/001367.jpg,1.0,False,0.5625,False,0.854715942371278,False,0.9363693616919656,False,1,False,0.9522933002999822,False,0.5358342596066431,False,1.0,False,1.0,False
C:/Users/jood1/Documents/stc-lora-dataset/001368.jpg,1.0,False,0.5625,False,0.8700217968109087,False,0.9291729529894455,False,1,False,0.9503944343957468,False,0.5266887732222256,False,1.0,False,1.0,False
C:/Users/jood1/Documents/stc-lora-dataset/001409.jpg,1.0,False,0.5625,False,0.8274932695338564,False,0.9725490196078431,False,1,False,0.7163900702795083,False,0.41914216194074705,False,1.0,False,1.0,False
C:/Users/jood1/Documents/stc-lora-dataset/001473.jpg,1.0,False,0.5625,False,0.9052337954983296,False,0.9432344305663573,False,1,False,0.8032759243797842,False,0.48161554558937547,False,1.0,False,1.0,False
C:/Users/jood1/Documents/stc-lora-dataset/001506.jpg,1.0,False,0.5625,False,0.8594983929063814,False,0.8209899064014826,False,1,False,0.903997870115519,False,0.5609351306737785,False,1.0,False,1.0,False
C:/Users/jood1/Documents/stc-lora-dataset/001571.jpg,1.0,False,0.5625,False,0.7939643521991431,False,0.9490196078431372,False,1,False,0.8736282200229417,False,0.42096681606835507,False,1.0,False,1.0,False
C:/Users/jood1/Documents/stc-lora-dataset/001572.jpg,1.0,False,0.5625,False,0.6380627031200743,False,0.9520303825491048,False,1,False,0.4396897301774621,False,0.5761727260027436,False,1.0,False,1.0,False
C:/Users/jood1/Documents/stc-lora-dataset/001648.jpg,1.0,False,0.5625,False,0.9255978439684429,False,0.9456741713775381,False,1,False,0.9082360730126362,False,0.521461098058827,False,1.0,False,1.0,False
C:/Users/jood1/Documents/stc-lora-dataset/001675.jpg,1.0,False,0.5625,False,0.8954798334600493,False,0.9391993696788982,False,1,False,0.7129252462682383,False,0.49055778206458023,False,1.0,False,1.0,False
C:/Users/jood1/Documents/stc-lora-dataset/001699.jpg,1.0,False,0.5625,False,0.8706100038545124,False,0.9127893039938023,False,1,False,0.9082192758247444,False,0.5477838734827591,False,1.0,False,1.0,False
C:/Users/jood1/Documents/stc-lora-dataset/001705.jpg,1.0,False,0.5625,False,0.8222724197478283,False,0.8359932672681034,False,1,False,0.6013849580286953,False,0.43918676424159164,False,1.0,False,1.0,False
C:/Users/jood1/Documents/stc-lora-dataset/001717.jpg,1.0,False,0.5625,False,0.7309969565246308,False,1.0,False,1,False,0.8814419698281608,False,0.6989765511099119,False,1.0,False,1.0,False
C:/Users/jood1/Documents/stc-lora-dataset/001721.jpg,1.0,False,0.5625,False,0.7521930463729843,False,1.0,False,1,False,0.6873040009313715,False,0.7602299720159178,False,1.0,False,1.0,False
C:/Users/jood1/Documents/stc-lora-dataset/001735.jpg,1.0,False,0.5625,False,0.8335100017531811,False,0.9930520693102984,False,1,False,0.9538268584003473,False,0.5381564112628017,False,1.0,False,1.0,False
C:/Users/jood1/Documents/stc-lora-dataset/001736.jpg,1.0,False,0.5625,False,0.834431736905326,False,0.9746923580767489,False,1,False,0.7436044059143235,False,0.46458964597811103,False,1.0,False,1.0,False
C:/Users/jood1/Documents/stc-lora-dataset/001737.jpg,1.0,False,0.5625,False,0.793799174445533,False,0.9333333333333333,False,1,False,0.996078431372549,False,0.63952199386879,False,1.0,False,1.0,False
C:/Users/jood1/Documents/stc-lora-dataset/001750.jpg,1.0,False,0.5625,False,0.8714022118542181,False,0.9725490196078431,False,1,False,0.7025676531050533,False,0.4697079308840527,False,1.0,False,1.0,False
C:/Users/jood1/Documents/stc-lora-dataset/001760.jpg,1.0,False,0.5625,False,0.8211126847920398,False,0.9520303825491048,False,1,False,0.7654356799134613,False,0.4497645996253511,False,1.0,False,1.0,False
C:/Users/jood1/Documents/stc-lora-dataset/001794.jpg,1.0,False,0.5625,False,0.8912900735810588,False,0.8786971279222229,False,1,False,0.8329088745998321,False,0.4835815796677785,False,1.0,False,1.0,False
C:/Users/jood1/Documents/stc-lora-dataset/001812.jpg,1.0,False,0.5625,False,0.8673691260319345,False,0.8514525539971953,False,1,False,0.702908025580865,False,0.4363468928896166,False,1.0,False,1.0,False
C:/Users/jood1/Documents/stc-lora-dataset/001824.jpg,1.0,False,0.5625,False,0.8914118654180613,False,0.9049379894405997,False,1,False,0.9376394652003877,False,0.5398741355946657,False,1.0,False,1.0,False
C:/Users/jood1/Documents/stc-lora-dataset/001825.jpg,1.0,False,0.5625,False,0.7985810897351167,False,0.9445295538507077,False,1,False,0.5793519953239923,False,0.37426233209651083,False,1.0,False,1.0,False
C:/Users/jood1/Documents/stc-lora-dataset/001827.jpg,1.0,False,0.5625,False,0.7361095336582947,False,0.9513807723588245,False,1,False,0.6297948012916178,False,0.6390929512376531,False,1.0,False,1.0,False
C:/Users/jood1/Documents/stc-lora-dataset/001843.jpg,1.0,False,0.5625,False,0.8611687896880457,False,0.8506712700495321,False,1,False,0.8811748126026095,False,0.4402958823567764,False,1.0,False,1.0,False
C:/Users/jood1/Documents/stc-lora-dataset/001853.jpg,1.0,False,0.5625,False,0.8209946691168188,False,0.9880504713841627,False,1,False,0.9407332698312101,False,0.49458046280147583,False,1.0,False,1.0,False
C:/Users/jood1/Documents/stc-lora-dataset/001854.jpg,1.0,False,0.5625,False,0.7673539212308864,False,0.9921568627450981,False,1,False,1.0,False,0.6653568439815798,False,1.0,False,1.0,False
C:/Users/jood1/Documents/stc-lora-dataset/001951.jpg,1.0,False,0.5625,False,0.9298196345228162,False,0.8446794932304658,False,1,False,0.9747383012189116,False,0.5488783864363138,False,1.0,False,1.0,False
C:/Users/jood1/Documents/stc-lora-dataset/001985.jpg,1.0,False,0.5625,False,0.8257900854622552,False,0.9160964835248635,False,1,False,0.5107345954501412,False,0.31802281381347186,False,1.0,False,1.0,False
C:/Users/jood1/Documents/stc-lora-dataset/001986.jpg,1.0,False,0.5625,False,0.8521188024833171,False,0.9484484483650513,False,1,False,0.8389890751401573,False,0.48680230438773375,False,1.0,False,1.0,False
C:/Users/jood1/Documents/stc-lora-dataset/002000.jpg,1.0,False,0.5625,False,0.747376071906289,False,0.938348251438175,False,1,False,0.7517103399696083,False,0.6479774626145868,False,1.0,False,1.0,False
C:/Users/jood1/Documents/stc-lora-dataset/002016.jpg,1.0,False,0.5625,False,0.8388979571688839,False,0.9686274509803922,False,1,False,1.0,False,0.4282954005027204,False,1.0,False,1.0,False
C:/Users/jood1/Documents/stc-lora-dataset/002027.jpg,1.0,False,0.5625,False,0.8980886204712333,False,0.9691861013898171,False,1,False,0.8443121499397883,False,0.4673875035341917,False,1.0,False,1.0,False
C:/Users/jood1/Documents/stc-lora-dataset/002032.jpg,1.0,False,0.5625,False,0.8029450407775883,False,0.9730522313057106,False,1,False,0.7873817151788095,False,0.3810615428025873,False,1.0,False,1.0,False
C:/Users/jood1/Documents/stc-lora-dataset/002051.jpg,1.0,False,0.5625,False,0.8329259832413192,False,0.965945065525074,False,1,False,0.6751040701808715,False,0.4232321921884866,False,1.0,False,1.0,False
C:/Users/jood1/Documents/stc-lora-dataset/002076.jpg,1.0,False,0.5625,False,0.9088985347136259,False,0.9480204991163754,False,1,False,0.8068440900328359,False,0.48782215287945796,False,1.0,False,1.0,False
C:/Users/jood1/Documents/stc-lora-dataset/002115.jpg,1.0,False,0.5625,False,0.5841695600486996,False,1.0,False,1,False,0.8584525924696585,False,0.92042349233977,False,1.0,False,1.0,False
C:/Users/jood1/Documents/stc-lora-dataset/002123.jpg,1.0,False,0.5625,False,0.9245016802368773,False,0.8275419580306337,False,1,False,0.8588700587270334,False,0.42843252422608025,False,1.0,False,1.0,False
C:/Users/jood1/Documents/stc-lora-dataset/002141.jpg,1.0,False,0.5625,False,0.8192951490662068,False,1.0,False,1,False,0.8862569146266606,False,0.610049089041762,False,1.0,False,1.0,False
C:/Users/jood1/Documents/stc-lora-dataset/002150.jpg,1.0,False,0.5625,False,0.9284507969845244,False,0.8959865740780991,False,1,False,0.907819243322542,False,0.5562736341467756,False,1.0,False,1.0,False
C:/Users/jood1/Documents/stc-lora-dataset/002185.jpg,1.0,False,0.5625,False,0.7985888670180165,False,0.9623995386418155,False,1,False,0.9986788658643893,False,0.5435862120482511,False,1.0,False,1.0,False
C:/Users/jood1/Documents/stc-lora-dataset/002231.jpg,1.0,False,0.5625,False,0.7545850315340061,False,1.0,False,1,False,0.8699094244613218,False,0.6983051377968019,False,1.0,False,1.0,False
C:/Users/jood1/Documents/stc-lora-dataset/002234.jpg,1.0,False,0.5625,False,0.9001375271945954,False,0.9588016864657996,False,1,False,0.9697587027508122,False,0.5695253484115861,False,1.0,False,1.0,False
C:/Users/jood1/Documents/stc-lora-dataset/002248.jpg,1.0,False,0.5625,False,0.3403927093489184,False,0.8064520540491937,False,1,False,1.0,False,1.0,False,1.0,False,1.0,False
C:/Users/jood1/Documents/stc-lora-dataset/002283.jpg,1.0,False,0.5625,False,0.706174255059533,False,0.4367413834416213,False,1,False,1.0,False,0.8432808505764381,False,1.0,False,1.0,False
C:/Users/jood1/Documents/stc-lora-dataset/002318.jpg,1.0,False,0.5625,False,0.8908057931249701,False,0.8907810399336022,False,1,False,0.9352606809495723,False,0.5103883306959351,False,1.0,False,1.0,False
C:/Users/jood1/Documents/stc-lora-dataset/002346.jpg,1.0,False,0.5625,False,0.7319382362237121,False,1.0,False,1,False,0.780507627677491,False,0.800386441304998,False,1.0,False,1.0,False
C:/Users/jood1/Documents/stc-lora-dataset/002363.jpg,1.0,False,0.5625,False,0.7917469658549746,False,0.8406399283099495,False,1,False,0.8444641724561744,False,0.3673130096860211,False,1.0,False,1.0,False
C:/Users/jood1/Documents/stc-lora-dataset/002364.jpg,1.0,False,0.5625,False,0.8485053477745125,False,0.8849243098826756,False,1,False,0.6995820908827575,False,0.3663825235940644,False,1.0,False,1.0,False
C:/Users/jood1/Documents/stc-lora-dataset/002426.jpg,1.0,False,0.5625,False,0.8955394381459749,False,0.8497556520506201,False,1,False,0.9811133739371115,False,0.5635817251652382,False,1.0,False,1.0,False
C:/Users/jood1/Documents/stc-lora-dataset/002435.jpg,1.0,False,0.5625,False,0.834152382856861,False,0.9602019708794995,False,1,False,0.9908086631622217,False,0.48636432799843643,False,1.0,False,1.0,False
C:/Users/jood1/Documents/stc-lora-dataset/002441.jpg,1.0,False,0.5625,False,0.7764726640268073,False,0.9510455334786748,False,1,False,0.9124268142007814,False,0.34404110694289547,False,1.0,False,1.0,False
C:/Users/jood1/Documents/stc-lora-dataset/002465.jpg,1.0,False,0.5625,False,0.612084870921128,False,1.0,False,1,False,0.8813149188338806,False,0.784111345126776,False,1.0,False,1.0,False
C:/Users/jood1/Documents/stc-lora-dataset/002466.jpg,1.0,False,0.5625,False,0.6151506604725399,False,1.0,False,1,False,0.4341801857286374,False,0.5342125962492558,False,1.0,False,1.0,False
C:/Users/jood1/Documents/stc-lora-dataset/002481.jpg,1.0,False,0.5625,False,0.699756526790954,False,1.0,False,1,False,0.7833192126141437,False,0.842507455768877,False,1.0,False,1.0,False
C:/Users/jood1/Documents/stc-lora-dataset/002505.jpg,1.0,False,0.5625,False,0.7008467640339124,False,0.8912374309587525,False,1,False,0.9976395671194848,False,0.9119030920342728,False,1.0,False,1.0,False
C:/Users/jood1/Documents/stc-lora-dataset/002531.jpg,1.0,False,0.5625,False,0.8524730220134759,False,0.8889436274780266,False,1,False,0.6250862301145464,False,0.40424084940930594,False,1.0,False,1.0,False
C:/Users/jood1/Documents/stc-lora-dataset/002577.jpg,1.0,False,0.5625,False,0.8159514558670198,False,0.885737037470925,False,1,False,0.7928951422800419,False,0.41419842493171843,False,1.0,False,1.0,False
C:/Users/jood1/Documents/stc-lora-dataset/002588.jpg,1.0,False,0.5625,False,0.8930954853578359,False,0.9142816500112249,False,1,False,0.9607843137254901,False,0.5437556437915715,False,1.0,False,1.0,False
C:/Users/jood1/Documents/stc-lora-dataset/002611.jpg,1.0,False,0.5625,False,0.935147168215559,False,0.9316627088245409,False,1,False,0.945531265119221,False,0.5560695530851391,False,1.0,False,1.0,False
C:/Users/jood1/Documents/stc-lora-dataset/002622.jpg,1.0,False,0.5625,False,0.8488994921966617,False,0.9585853759157099,False,1,False,0.8730751266958965,False,0.38279298692390773,False,1.0,False,1.0,False
C:/Users/jood1/Documents/stc-lora-dataset/002624.jpg,1.0,False,0.5625,False,0.8107903270217961,False,0.8943489090540473,False,1,False,0.9459848739679931,False,0.6854590084582551,False,1.0,False,1.0,False
C:/Users/jood1/Documents/stc-lora-dataset/002629.jpg,1.0,False,0.5625,False,0.5200880300610414,False,1.0,False,1,False,0.8532839086933379,False,0.5903183291110143,False,1.0,False,1.0,False
C:/Users/jood1/Documents/stc-lora-dataset/002637.jpg,1.0,False,0.5625,False,0.8869113968207327,False,0.8388465261384683,False,1,False,0.7330587301737089,False,0.38758002682783055,False,1.0,False,1.0,False
C:/Users/jood1/Documents/stc-lora-dataset/002644.jpg,1.0,False,0.5625,False,0.9141916084133771,False,0.9588405263838528,False,1,False,0.8126198772950424,False,0.5002032255725066,False,1.0,False,1.0,False
C:/Users/jood1/Documents/stc-lora-dataset/002649.jpg,1.0,False,0.5625,False,0.9130277526265873,False,0.942945825942414,False,1,False,0.8397774279010773,False,0.4750889342553357,False,1.0,False,1.0,False
C:/Users/jood1/Documents/stc-lora-dataset/002650.jpg,1.0,False,0.5625,False,0.833276032587235,False,0.8850727458743188,False,1,False,0.8914355023791461,False,0.5047157610725047,False,1.0,False,1.0,False
C:/Users/jood1/Documents/stc-lora-dataset/002669.jpg,1.0,False,0.5625,False,0.8774408763881161,False,0.8980392156862745,False,1,False,0.9637957485809416,False,0.44206273490208914,False,1.0,False,1.0,False
C:/Users/jood1/Documents/stc-lora-dataset/002673.jpg,1.0,False,0.5625,False,0.8968749479791394,False,0.7534126253570416,False,1,False,0.9255409341359493,False,0.5124038726481959,False,1.0,False,1.0,False
C:/Users/jood1/Documents/stc-lora-dataset/002675.jpg,1.0,False,0.5625,False,0.8846496905512762,False,0.9230130055871291,False,1,False,0.8414484134668933,False,0.4972337944063139,False,1.0,False,1.0,False
C:/Users/jood1/Documents/stc-lora-dataset/002676.jpg,1.0,False,0.5625,False,0.9211735599234125,False,0.9132208165396484,False,1,False,0.8634322753509085,False,0.512353549483873,False,1.0,False,1.0,False
C:/Users/jood1/Documents/stc-lora-dataset/002677.jpg,1.0,False,0.5625,False,0.8562520989676154,False,0.9215599024460857,False,1,False,0.7037978808804929,False,0.48385279016454397,False,1.0,False,1.0,False
C:/Users/jood1/Documents/stc-lora-dataset/002678.jpg,1.0,False,0.5625,False,0.9017643599588269,False,0.9363163334833232,False,1,False,0.8085531241396201,False,0.4878780574180698,False,1.0,False,1.0,False
C:/Users/jood1/Documents/stc-lora-dataset/002679.jpg,1.0,False,0.5625,False,0.9328444310202312,False,0.8783036723835724,False,1,False,0.9492981927842954,False,0.532193864301,False,1.0,False,1.0,False
C:/Users/jood1/Documents/stc-lora-dataset/002680.jpg,1.0,False,0.5625,False,0.8936431210328282,False,0.905938987628014,False,1,False,0.803030936590308,False,0.3922432503124472,False,1.0,False,1.0,False
C:/Users/jood1/Documents/stc-lora-dataset/002683.jpg,1.0,False,0.5625,False,0.916911192688326,False,0.8303175727856767,False,1,False,0.8860760492702361,False,0.5072753861921445,False,1.0,False,1.0,False
C:/Users/jood1/Documents/stc-lora-dataset/002714.jpg,1.0,False,0.5625,False,0.8097538077403258,False,0.9181580747386263,False,1,False,0.9962421974376521,False,0.5325402230627861,False,1.0,False,1.0,False
C:/Users/jood1/Documents/stc-lora-dataset/002715.jpg,1.0,False,0.5625,False,0.8479413149333802,False,0.9366907712962644,False,1,False,0.7218978681939968,False,0.4435807251477675,False,1.0,False,1.0,False
C:/Users/jood1/Documents/stc-lora-dataset/002728.jpg,1.0,False,0.5625,False,0.8541959159137309,False,0.9980748333006065,False,1,False,0.8777507517289332,False,0.5679184761602594,False,1.0,False,1.0,False
C:/Users/jood1/Documents/stc-lora-dataset/002729.jpg,1.0,False,0.5625,False,0.8642371388464449,False,0.9980748333006065,False,1,False,0.8777507517289332,False,0.5704261544734786,False,1.0,False,1.0,False
C:/Users/jood1/Documents/stc-lora-dataset/002806.jpg,1.0,False,0.5625,False,0.9097079529918363,False,0.9058911768842299,False,1,False,0.9650601055400034,False,0.5553393840359795,False,1.0,False,1.0,False
C:/Users/jood1/Documents/stc-lora-dataset/002820.jpg,1.0,False,0.5625,False,0.8335607429566303,False,0.6743987904882343,False,1,False,0.8311239731974583,False,0.4736372354029025,False,1.0,False,1.0,False
C:/Users/jood1/Documents/stc-lora-dataset/002831.jpg,1.0,False,0.5625,False,0.8117543040863131,False,0.9363034153037952,False,1,False,0.47898913164631834,False,0.31900784501761403,False,1.0,False,1.0,False
C:/Users/jood1/Documents/stc-lora-dataset/002853.jpg,1.0,False,0.5625,False,0.8349205105117697,False,0.8978583805734921,False,1,False,0.7803722297734096,False,0.4481737691934209,False,1.0,False,1.0,False
C:/Users/jood1/Documents/stc-lora-dataset/002873.jpg,1.0,False,0.5625,False,0.7172976127167288,False,1.0,False,1,False,0.36245875290663254,False,0.4860719217595252,False,1.0,False,1.0,False
C:/Users/jood1/Documents/stc-lora-dataset/002903.jpg,1.0,False,0.5625,False,0.833515163860278,False,0.8769131488196764,False,1,False,0.6517699440576651,False,0.4391615679768538,False,1.0,False,1.0,False
C:/Users/jood1/Documents/stc-lora-dataset/002983.jpg,1.0,False,0.5625,False,0.9100129521272025,False,0.9149362136343259,False,1,False,0.9116090948803176,False,0.4897714407014153,False,1.0,False,1.0,False
C:/Users/jood1/Documents/stc-lora-dataset/002988.jpg,1.0,False,0.5625,False,0.9203290651701685,False,0.9621742394868178,False,1,False,0.9308069696578084,False,0.5477260596932414,False,1.0,False,1.0,False
C:/Users/jood1/Documents/stc-lora-dataset/002991.jpg,1.0,False,0.5625,False,0.8663449162593846,False,0.9367807133803928,False,1,False,0.930912375399336,False,0.5470009943792198,False,1.0,False,1.0,False
C:/Users/jood1/Documents/stc-lora-dataset/002996.jpg,1.0,False,0.5625,False,0.874260022517476,False,0.9518882500377603,False,1,False,0.8254385247672504,False,0.532694700737157,False,1.0,False,1.0,False
C:/Users/jood1/Documents/stc-lora-dataset/003003.jpg,1.0,False,0.5625,False,0.9244621044880375,False,0.8756235699677843,False,1,False,0.9813335401935493,False,0.5523717178014957,False,1.0,False,1.0,False
C:/Users/jood1/Documents/stc-lora-dataset/003008.jpg,1.0,False,0.5625,False,0.9126746962054342,False,0.8775347423510385,False,1,False,0.8066755936659262,False,0.5372209190026291,False,1.0,False,1.0,False
C:/Users/jood1/Documents/stc-lora-dataset/003016.jpg,1.0,False,0.5625,False,0.8845646992633006,False,0.9549717505048758,False,1,False,0.885292845199181,False,0.508121754530861,False,1.0,False,1.0,False
C:/Users/jood1/Documents/stc-lora-dataset/003017.jpg,1.0,False,0.5625,False,0.8956923697669835,False,0.8571696010093894,False,1,False,0.9277173269253042,False,0.5503497339042485,False,1.0,False,1.0,False
C:/Users/jood1/Documents/stc-lora-dataset/003047.jpg,1.0,False,0.5625,False,0.9066692282420977,False,0.992299333202426,False,1,False,0.9703914952117205,False,0.48621866803440095,False,1.0,False,1.0,False
C:/Users/jood1/Documents/stc-lora-dataset/003097.jpg,1.0,False,0.5625,False,0.8976847710915892,False,0.8020487479377746,False,1,False,1.0,False,0.5299888392250364,False,1.0,False,1.0,False
C:/Users/jood1/Documents/stc-lora-dataset/003106.jpg,1.0,False,0.5625,False,0.8745035399160674,False,0.9015244220815801,False,1,False,0.941497069579159,False,0.4431558846455863,False,1.0,False,1.0,False
C:/Users/jood1/Documents/stc-lora-dataset/003152.jpg,1.0,False,0.5625,False,0.8952127649003305,False,0.9376060068546431,False,1,False,0.9786331828496285,False,0.476999938244724,False,1.0,False,1.0,False
C:/Users/jood1/Documents/stc-lora-dataset/003179.jpg,1.0,False,0.5625,False,0.9077308095459978,False,0.8692918174372758,False,1,False,0.9107708157461308,False,0.49009269808763756,False,1.0,False,1.0,False
C:/Users/jood1/Documents/stc-lora-dataset/003206.jpg,1.0,False,0.5625,False,0.869862871538229,False,0.9690253169817429,False,1,False,0.6396358056425967,False,0.41250152784798066,False,1.0,False,1.0,False
C:/Users/jood1/Documents/stc-lora-dataset/003214.jpg,1.0,False,0.5625,False,0.7304057256786235,False,0.9431478035477467,False,1,False,0.8482546479167786,False,0.6079786866200644,False,1.0,False,1.0,False
C:/Users/jood1/Documents/stc-lora-dataset/003304.jpg,1.0,False,0.5625,False,0.8565775780637076,False,0.8569804405447481,False,1,False,0.8481181375494172,False,0.40827198828988,False,1.0,False,1.0,False
C:/Users/jood1/Documents/stc-lora-dataset/003313.jpg,1.0,False,0.5625,False,0.8562053500592841,False,0.888031764267053,False,1,False,0.6861304946930936,False,0.38473479442947833,False,1.0,False,1.0,False
C:/Users/jood1/Documents/stc-lora-dataset/003337.jpg,1.0,False,0.5625,False,0.5845303751950482,False,0.9830853511978987,False,1,False,0.7845025486429759,False,0.7349719701383616,False,1.0,False,1.0,False
C:/Users/jood1/Documents/stc-lora-dataset/003360.jpg,1.0,False,0.5625,False,0.8575519912657645,False,0.9529411764705882,False,1,False,0.8148606020945107,False,0.5012821278671717,False,1.0,False,1.0,False
C:/Users/jood1/Documents/stc-lora-dataset/003385.jpg,1.0,False,0.5625,False,0.8597046170271412,False,0.8674679788135942,False,1,False,0.7265506610894835,False,0.4199120968158573,False,1.0,False,1.0,False
C:/Users/jood1/Documents/stc-lora-dataset/003397.jpg,1.0,False,0.5625,False,0.7861112218956842,False,1.0,False,1,False,0.837210000173564,False,0.7396266571247994,False,1.0,False,1.0,False
C:/Users/jood1/Documents/stc-lora-dataset/003416.jpg,1.0,False,0.5625,False,0.9046212612605393,False,0.9229455172604132,False,1,False,0.9289190718575789,False,0.5315929639952269,False,1.0,False,1.0,False
C:/Users/jood1/Documents/stc-lora-dataset/003442.jpg,1.0,False,0.5625,False,0.8671784481542677,False,0.847459297570348,False,1,False,0.8918530402729252,False,0.495854386898147,False,1.0,False,1.0,False
C:/Users/jood1/Documents/stc-lora-dataset/003443.jpg,1.0,False,0.5625,False,0.8407487775593815,False,0.7775395356285046,False,1,False,0.8139646234969294,False,0.4328100968006351,False,1.0,False,1.0,False
C:/Users/jood1/Documents/stc-lora-dataset/003444.jpg,1.0,False,0.5625,False,0.8481569214386893,False,0.8771356214474317,False,1,False,0.7986518147860514,False,0.47873079465950896,False,1.0,False,1.0,False
C:/Users/jood1/Documents/stc-lora-dataset/003446.jpg,1.0,False,0.5625,False,0.8046231679299842,False,0.9461712742249105,False,1,False,0.7805929488457949,False,0.44935417864834337,False,1.0,False,1.0,False
C:/Users/jood1/Documents/stc-lora-dataset/003448.jpg,1.0,False,0.5625,False,0.8198839082301375,False,0.9959095200594807,False,1,False,0.8979290196968172,False,0.4779002411360431,False,1.0,False,1.0,False
C:/Users/jood1/Documents/stc-lora-dataset/003524.jpg,1.0,False,0.5625,False,0.8821828799600797,False,0.8294587398462165,False,1,False,0.9981572563963717,False,0.4614328469921427,False,1.0,False,1.0,False
C:/Users/jood1/Documents/stc-lora-dataset/003525.jpg,1.0,False,0.5625,False,0.9168762981495155,False,0.898586385228346,False,1,False,1.0,False,0.576567724932494,False,1.0,False,1.0,False
C:/Users/jood1/Documents/stc-lora-dataset/003560.jpg,1.0,False,0.5625,False,0.8938704112526676,False,0.9922863632290756,False,1,False,0.9906910042479096,False,0.5751658400786193,False,1.0,False,1.0,False
C:/Users/jood1/Documents/stc-lora-dataset/003566.jpg,1.0,False,0.5625,False,0.907437896497489,False,0.9980748333006065,False,1,False,0.9573981144528447,False,0.5462343417439137,False,1.0,False,1.0,False
C:/Users/jood1/Documents/stc-lora-dataset/003578.jpg,1.0,False,0.5625,False,0.8687236747398575,False,0.8187174574150637,False,1,False,0.7961367794709008,False,0.3251404074787806,False,1.0,False,1.0,False
C:/Users/jood1/Documents/stc-lora-dataset/003583.jpg,1.0,False,0.5625,False,0.8327170171803028,False,0.9419761546584517,False,1,False,0.5714174689974332,False,0.40517723717334697,False,1.0,False,1.0,False
C:/Users/jood1/Documents/stc-lora-dataset/003597.jpg,1.0,False,0.5625,False,0.9194105617458453,False,0.9130918102324437,False,1,False,0.997848758744891,False,0.5766875618027933,False,1.0,False,1.0,False
C:/Users/jood1/Documents/stc-lora-dataset/003607.jpg,1.0,False,0.5625,False,0.9111736279232187,False,0.9330084042983309,False,1,False,0.8091418078468632,False,0.5382249510898119,False,1.0,False,1.0,False
C:/Users/jood1/Documents/stc-lora-dataset/003615.jpg,1.0,False,0.5625,False,0.7202439716333568,False,1.0,False,1,False,0.721249471190396,False,0.7502427196556414,False,1.0,False,1.0,False
C:/Users/jood1/Documents/stc-lora-dataset/003637.jpg,1.0,False,0.5625,False,0.7369969302385292,False,0.9510455334786748,False,1,False,1.0,False,0.6834167308083937,False,1.0,False,1.0,False
C:/Users/jood1/Documents/stc-lora-dataset/003653.jpg,1.0,False,0.5625,False,0.8429222411170599,False,0.914606638760435,False,1,False,0.5828939587664934,False,0.38106870932652137,False,1.0,False,1.0,False
C:/Users/jood1/Documents/stc-lora-dataset/003663.jpg,1.0,False,0.5625,False,0.9206426526097916,False,0.881803114878431,False,1,False,0.8820461340231445,False,0.48539351905886663,False,1.0,False,1.0,False
C:/Users/jood1/Documents/stc-lora-dataset/003665.jpg,1.0,False,0.5625,False,0.696491644368585,False,0.9380395879882121,False,1,False,0.8016243409516401,False,0.6363833964403357,False,1.0,False,1.0,False
C:/Users/jood1/Documents/stc-lora-dataset/003688.jpg,1.0,False,0.5625,False,0.8409231641822793,False,0.8578232062653584,False,1,False,0.9186446814463749,False,0.47466381383055156,False,1.0,False,1.0,False
C:/Users/jood1/Documents/stc-lora-dataset/003689.jpg,1.0,False,0.5625,False,0.8164478508358313,False,0.927954049435828,False,1,False,0.685690956378012,False,0.4914408246344968,False,1.0,False,1.0,False
C:/Users/jood1/Documents/stc-lora-dataset/003691.jpg,1.0,False,0.5625,False,0.5387014614058673,False,0.9545822077216405,False,1,False,0.6187887846554482,False,0.838481303101501,False,1.0,False,1.0,False
C:/Users/jood1/Documents/stc-lora-dataset/003709.jpg,1.0,False,0.5625,False,0.7479676991086901,False,0.9922317298733087,False,1,False,0.7479837617252733,False,0.6400440880624289,False,1.0,False,1.0,False
C:/Users/jood1/Documents/stc-lora-dataset/003732.jpg,1.0,False,0.5625,False,0.8557475015764648,False,0.5818085109764499,False,1,False,0.9662374658674658,False,0.5013041793090061,False,1.0,False,1.0,False
C:/Users/jood1/Documents/stc-lora-dataset/003746.jpg,1.0,False,0.5625,False,0.8685505496562378,False,0.7836574689656863,False,1,False,0.8600647848062503,False,0.4841475891043273,False,1.0,False,1.0,False
C:/Users/jood1/Documents/stc-lora-dataset/003776.jpg,1.0,False,0.5625,False,0.9238357988029272,False,0.9025785739374784,False,1,False,0.8997681789524677,False,0.44650889661444504,False,1.0,False,1.0,False
C:/Users/jood1/Documents/stc-lora-dataset/003924.jpg,1.0,False,0.5625,False,0.5645053586749172,False,1.0,False,1,False,0.38759473795701177,False,0.7526959022433133,False,1.0,False,1.0,False
C:/Users/jood1/Documents/stc-lora-dataset/003945.jpg,1.0,False,0.5625,False,0.8741411901978685,False,0.9271778326967007,False,1,False,0.7747141552205663,False,0.49914649746338735,False,1.0,False,1.0,False
C:/Users/jood1/Documents/stc-lora-dataset/004027.jpg,1.0,False,0.5625,False,0.8994083247545736,False,0.9329337236110332,False,1,False,0.9025377523758591,False,0.4651678891970684,False,1.0,False,1.0,False
C:/Users/jood1/Documents/stc-lora-dataset/004031.jpg,1.0,False,0.5625,False,0.8245648397914769,False,0.976024810979237,False,1,False,0.9612526749577437,False,0.469169260749455,False,1.0,False,1.0,False
C:/Users/jood1/Documents/stc-lora-dataset/004033.jpg,1.0,False,0.5625,False,0.8361175449239634,False,0.882040936599954,False,1,False,0.6192285386538877,False,0.31804885837450225,False,1.0,False,1.0,False
C:/Users/jood1/Documents/stc-lora-dataset/004062.jpg,1.0,False,0.5625,False,0.5787697254515881,False,1.0,False,1,False,0.7571569884201149,False,0.8187714029305343,False,1.0,False,1.0,False
C:/Users/jood1/Documents/stc-lora-dataset/004148.jpg,1.0,False,0.5625,False,0.9271768376841604,False,0.8864230855585487,False,1,False,0.9903978206444393,False,0.5628535814466663,False,1.0,False,1.0,False
C:/Users/jood1/Documents/stc-lora-dataset/004169.jpg,1.0,False,0.5625,False,0.8833433208898726,False,0.9804019632365204,False,1,False,0.9214478101864191,False,0.46166040444221024,False,1.0,False,1.0,False
C:/Users/jood1/Documents/stc-lora-dataset/004204.jpg,1.0,False,0.5625,False,0.8702432579653504,False,0.992299333202426,False,1,False,0.7199426159370027,False,0.5127943728017827,False,1.0,False,1.0,False
C:/Users/jood1/Documents/stc-lora-dataset/004230.jpg,1.0,False,0.5625,False,0.8978682161819006,False,0.9928416601040913,False,1,False,0.8561432614472251,False,0.5583626696506223,False,1.0,False,1.0,False
C:/Users/jood1/Documents/stc-lora-dataset/004231.jpg,1.0,False,0.5625,False,0.9067294058485876,False,0.9602019708794995,False,1,False,0.9647058823529412,False,0.5276188469921699,False,1.0,False,1.0,False
C:/Users/jood1/Documents/stc-lora-dataset/004236.jpg,1.0,False,0.5625,False,0.8740605568642931,False,0.9819731500183355,False,1,False,0.7788219021318794,False,0.5057969478297866,False,1.0,False,1.0,False
C:/Users/jood1/Documents/stc-lora-dataset/004239.jpg,1.0,False,0.5625,False,0.8830369158061949,False,0.9607843137254902,False,1,False,0.7669431060716106,False,0.5154931332837459,False,1.0,False,1.0,False
C:/Users/jood1/Documents/stc-lora-dataset/004240.jpg,1.0,False,0.5625,False,0.8657478227679075,False,0.990802270310047,False,1,False,0.7313867106866325,False,0.4233127292551331,False,1.0,False,1.0,False
C:/Users/jood1/Documents/stc-lora-dataset/004281.jpg,1.0,False,0.5625,False,0.740451945381237,False,1.0,False,1,False,0.616334964874893,False,0.7349918755110572,False,1.0,False,1.0,False
C:/Users/jood1/Documents/stc-lora-dataset/004289.jpg,1.0,False,0.5625,False,0.913451061667564,False,0.934587929656989,False,1,False,0.9834029690120656,False,0.5418770236730522,False,1.0,False,1.0,False
C:/Users/jood1/Documents/stc-lora-dataset/004369.jpg,1.0,False,0.5625,False,0.9054289320392122,False,0.9185019158736663,False,1,False,0.9916971111800984,False,0.47173693664334426,False,1.0,False,1.0,False
C:/Users/jood1/Documents/stc-lora-dataset/004420.jpg,1.0,False,0.5625,False,0.9021936732112666,False,0.8625610197960277,False,1,False,0.8736043144753214,False,0.5441558903474566,False,1.0,False,1.0,False
C:/Users/jood1/Documents/stc-lora-dataset/004433.jpg,1.0,False,0.5625,False,0.7646164581673482,False,0.9921568627450981,False,1,False,0.8354806751071557,False,0.5869940277452271,False,1.0,False,1.0,False
C:/Users/jood1/Documents/stc-lora-dataset/004451.jpg,1.0,False,0.5625,False,0.9170336570468228,False,0.9089010238667949,False,1,False,0.9255330913954259,False,0.49527568632356034,False,1.0,False,1.0,False
C:/Users/jood1/Documents/stc-lora-dataset/004527.jpg,1.0,False,0.5625,False,0.8992937522981809,False,0.8723090042786408,False,1,False,0.8981624112775544,False,0.42960491606006534,False,1.0,False,1.0,False
C:/Users/jood1/Documents/stc-lora-dataset/004584.jpg,1.0,False,0.5625,False,0.7853584805752895,False,0.8722147972001673,False,1,False,0.5734454840552771,False,0.554320974364461,False,1.0,False,1.0,False
C:/Users/jood1/Documents/stc-lora-dataset/004598.jpg,1.0,False,0.5625,False,0.8012653386987453,False,0.9044534127935624,False,1,False,0.5370398739578695,False,0.33095879086658064,False,1.0,False,1.0,False
C:/Users/jood1/Documents/stc-lora-dataset/004604.jpg,1.0,False,0.5625,False,0.9108633870075105,False,0.85342983147246,False,1,False,0.9989411387528347,False,0.5442975054125554,False,1.0,False,1.0,False
C:/Users/jood1/Documents/stc-lora-dataset/004606.jpg,1.0,False,0.5625,False,0.8340130085146337,False,0.7749930839629287,False,1,False,1.0,False,0.5688348671267212,False,1.0,False,1.0,False
C:/Users/jood1/Documents/stc-lora-dataset/004616.jpg,1.0,False,0.5625,False,0.9080720326930397,False,0.8913491920063986,False,1,False,0.9990563098186153,False,0.5402183107776024,False,1.0,False,1.0,False
C:/Users/jood1/Documents/stc-lora-dataset/004625.jpg,1.0,False,0.5625,False,0.7808205346912955,False,0.9948869000743509,False,1,False,0.6710651325684962,False,0.64458492108886,False,1.0,False,1.0,False
C:/Users/jood1/Documents/stc-lora-dataset/004626.jpg,1.0,False,0.5625,False,0.5058934146615597,False,0.9921343460468486,False,1,False,0.6870215765711846,False,0.9046146056603469,False,1.0,False,1.0,False
C:/Users/jood1/Documents/stc-lora-dataset/004631.jpg,1.0,False,0.5625,False,0.8479652821812631,False,0.7140282288365769,False,1,False,0.8436230246776363,False,0.4282866128771563,False,1.0,False,1.0,False
C:/Users/jood1/Documents/stc-lora-dataset/004688.jpg,1.0,False,0.5625,False,0.8009317195932723,False,1.0,False,1,False,0.9432517887326416,False,0.6250985808114005,False,1.0,False,1.0,False
C:/Users/jood1/Documents/stc-lora-dataset/004701.jpg,1.0,False,0.5625,False,0.8779206135833564,False,0.96788046164203,False,1,False,0.8787281635336169,False,0.43143375277605234,False,1.0,False,1.0,False
C:/Users/jood1/Documents/stc-lora-dataset/004703.jpg,1.0,False,0.5625,False,0.6995725970416111,False,0.30625791704521965,False,1,False,0.9945869952105282,False,0.7192819462474587,False,1.0,False,1.0,False
C:/Users/jood1/Documents/stc-lora-dataset/004707.jpg,1.0,False,0.5625,False,0.9267926842974454,False,0.8898213676499465,False,1,False,0.8835468697961019,False,0.49939819707628297,False,1.0,False,1.0,False
C:/Users/jood1/Documents/stc-lora-dataset/004745.jpg,1.0,False,0.5625,False,0.9063628916598016,False,0.938348251438175,False,1,False,0.9854192135980799,False,0.5316352226340337,False,1.0,False,1.0,False
C:/Users/jood1/Documents/stc-lora-dataset/004827.jpg,1.0,False,0.5625,False,0.8250798038088156,False,1.0,False,1,False,1.0,False,0.6312095866737806,False,1.0,False,1.0,False
C:/Users/jood1/Documents/stc-lora-dataset/004874.jpg,1.0,False,0.5625,False,0.5647051923964466,False,0.8691158625369508,False,1,False,0.9945869952105282,False,0.7256861183025636,False,1.0,False,1.0,False
C:/Users/jood1/Documents/stc-lora-dataset/004882.jpg,1.0,False,0.5625,False,0.9294968221544061,False,0.8547809725408602,False,1,False,0.9968703969098962,False,0.5431899670451283,False,1.0,False,1.0,False
C:/Users/jood1/Documents/stc-lora-dataset/004883.jpg,1.0,False,0.5625,False,0.7680348500456831,False,0.670095979378863,False,1,False,1.0,False,0.8204434533107778,False,1.0,False,1.0,False
C:/Users/jood1/Documents/stc-lora-dataset/004914.jpg,1.0,False,0.5625,False,0.909607630084042,False,0.8501512745370324,False,1,False,0.9010712408058006,False,0.46801576043625825,False,1.0,False,1.0,False
C:/Users/jood1/Documents/stc-lora-dataset/004978.jpg,1.0,False,0.5625,False,0.9290364996397135,False,0.9068349680223797,False,1,False,0.905412729471039,False,0.4901595712104806,False,1.0,False,1.0,False
C:/Users/jood1/Documents/stc-lora-dataset/004979.jpg,1.0,False,0.5625,False,0.6235793305382032,False,0.9980748333006065,False,1,False,0.6616519235775381,False,0.8211234331599722,False,1.0,False,1.0,False
C:/Users/jood1/Documents/stc-lora-dataset/004999.jpg,1.0,False,0.5625,False,0.8783997282407429,False,1.0,False,1,False,0.8453785167611649,False,0.48070358542068836,False,1.0,False,1.0,False
C:/Users/jood1/Documents/stc-lora-dataset/005029.jpg,1.0,False,0.5625,False,0.8668164354728788,False,0.9175026476255818,False,1,False,0.9853248068579272,False,0.39945555455366566,False,1.0,False,1.0,False
C:/Users/jood1/Documents/stc-lora-dataset/005081.jpg,1.0,False,0.5625,False,0.8565625314476485,False,0.7484876960029604,False,1,False,0.8891018670265063,False,0.520271405502321,False,1.0,False,1.0,False
C:/Users/jood1/Documents/stc-lora-dataset/005089.jpg,1.0,False,0.5625,False,0.6761223589359198,False,1.0,False,1,False,0.9285733953530425,False,0.8266786859403359,False,1.0,False,1.0,False
C:/Users/jood1/Documents/stc-lora-dataset/005120.jpg,1.0,False,0.5625,False,0.3514584990595235,False,0.6061575831773129,False,1,False,1.0,False,1.0,False,1.0,False,1.0,False
C:/Users/jood1/Documents/stc-lora-dataset/005131.jpg,1.0,False,0.5625,False,0.8611201250966376,False,0.8725884827309749,False,1,False,0.851998117370617,False,0.48475196433592493,False,1.0,False,1.0,False
C:/Users/jood1/Documents/stc-lora-dataset/005134.jpg,1.0,False,0.5625,False,0.8736233672393882,False,0.9092491062233486,False,1,False,0.8656563625947252,False,0.46651496953432425,False,1.0,False,1.0,False
C:/Users/jood1/Documents/stc-lora-dataset/005190.jpg,1.0,False,0.5625,False,0.8287612712885489,False,0.9052209514146206,False,1,False,0.6513168395862667,False,0.40816746928860725,False,1.0,False,1.0,False
C:/Users/jood1/Documents/stc-lora-dataset/005204.jpg,1.0,False,0.5625,False,0.7625795474805014,False,0.8380608189882792,False,1,False,0.5205722016658698,False,0.5591398209661538,False,1.0,False,1.0,False
C:/Users/jood1/Documents/stc-lora-dataset/005255.jpg,1.0,False,0.5625,False,0.6159626949583245,False,0.17873400678998685,False,1,False,0.9484652164525874,False,0.8153242776813623,False,1.0,False,1.0,False
C:/Users/jood1/Documents/stc-lora-dataset/005269.jpg,1.0,False,0.5625,False,0.380990493214115,False,0.8995576106064681,False,1,False,0.9972918423605541,False,0.9126990666061798,False,1.0,False,1.0,False
C:/Users/jood1/Documents/stc-lora-dataset/005270.jpg,1.0,False,0.5625,False,0.5753389176669427,False,1.0,False,1,False,0.9803921568627451,False,0.949649539170937,False,1.0,False,1.0,False
C:/Users/jood1/Documents/stc-lora-dataset/005297.jpg,1.0,False,0.5625,False,0.8697478550458076,False,0.9726815524259765,False,1,False,0.7314694989098641,False,0.49339939730432314,False,1.0,False,1.0,False
C:/Users/jood1/Documents/stc-lora-dataset/005338.jpg,1.0,False,0.5625,False,0.9011855187893668,False,0.9481805102729588,False,1,False,0.9994686169859808,False,0.5828032711297602,False,1.0,False,1.0,False
C:/Users/jood1/Documents/stc-lora-dataset/005344.jpg,1.0,False,0.5625,False,0.9084370550573537,False,0.9408729399748279,False,1,False,0.9994686169859808,False,0.5901854024559801,False,1.0,False,1.0,False
C:/Users/jood1/Documents/stc-lora-dataset/005353.jpg,1.0,False,0.5625,False,0.9014741939476597,False,0.8217146039917047,False,1,False,0.8447569758975456,False,0.4562677410298098,False,1.0,False,1.0,False
C:/Users/jood1/Documents/stc-lora-dataset/005412.jpg,1.0,False,0.5625,False,0.9194144148631832,False,0.9169497310409906,False,1,False,0.8816252249642977,False,0.5372262540068746,False,1.0,False,1.0,False
C:/Users/jood1/Documents/stc-lora-dataset/005428.jpg,1.0,False,0.5625,False,0.7794096942032019,False,1.0,False,1,False,0.8357043271483378,False,0.7834695151982722,False,1.0,False,1.0,False
C:/Users/jood1/Documents/stc-lora-dataset/005447.jpg,1.0,False,0.5625,False,0.817779495119164,False,0.6795106586543227,False,1,False,0.9374000051759974,False,0.4198945347933416,False,1.0,False,1.0,False
C:/Users/jood1/Documents/stc-lora-dataset/005459.jpg,1.0,False,0.5625,False,0.8857303377551701,False,0.810575123256585,False,1,False,0.7815977779556376,False,0.507282544811414,False,1.0,False,1.0,False
C:/Users/jood1/Documents/stc-lora-dataset/005471.jpg,1.0,False,0.5625,False,0.8076824251863939,False,0.9729337890163983,False,1,False,0.6198301537147545,False,0.33885451300438374,False,1.0,False,1.0,False
C:/Users/jood1/Documents/stc-lora-dataset/005493.jpg,1.0,False,0.5625,False,0.9080955671976151,False,0.9448236548352109,False,1,False,0.9456334339008082,False,0.42804069977106574,False,1.0,False,1.0,False
C:/Users/jood1/Documents/stc-lora-dataset/005494.jpg,1.0,False,0.5625,False,0.8461654500588817,False,0.9559071965374655,False,1,False,0.9216741533241589,False,0.4564558491353573,False,1.0,False,1.0,False
C:/Users/jood1/Documents/stc-lora-dataset/005539.jpg,1.0,False,0.5625,False,0.6782387865239585,False,0.5287096903817956,False,1,False,0.9962421974376521,False,0.7911262782122844,False,1.0,False,1.0,False
C:/Users/jood1/Documents/stc-lora-dataset/005549.jpg,1.0,False,0.5625,False,0.7048125501268689,False,0.9644767784468845,False,1,False,0.8068657125691645,False,0.5805504566109188,False,1.0,False,1.0,False
C:/Users/jood1/Documents/stc-lora-dataset/005552.jpg,1.0,False,0.5625,False,0.719611938510637,False,0.965945065525074,False,1,False,0.8065060226861228,False,0.6112075044012505,False,1.0,False,1.0,False
C:/Users/jood1/Documents/stc-lora-dataset/005562.jpg,1.0,False,0.5625,False,0.9196488651203595,False,0.8518919001971186,False,1,False,0.9185935474030653,False,0.5224574367151822,False,1.0,False,1.0,False
C:/Users/jood1/Documents/stc-lora-dataset/005563.jpg,1.0,False,0.5625,False,0.9134102927283781,False,0.8907589356059621,False,1,False,0.9570823920193171,False,0.5244120191861854,False,1.0,False,1.0,False
C:/Users/jood1/Documents/stc-lora-dataset/005564.jpg,1.0,False,0.5625,False,0.9136672451789988,False,0.8795921323401715,False,1,False,0.9693412627450306,False,0.526719947162084,False,1.0,False,1.0,False
C:/Users/jood1/Documents/stc-lora-dataset/005647.jpg,1.0,False,0.5625,False,0.9139037032803862,False,0.8838722945069376,False,1,False,0.8473721276069123,False,0.514303883902387,False,1.0,False,1.0,False
C:/Users/jood1/Documents/stc-lora-dataset/005654.jpg,1.0,False,0.5625,False,0.820923468506713,False,1.0,False,1,False,0.7567663049397715,False,0.6951189135148425,False,1.0,False,1.0,False
C:/Users/jood1/Documents/stc-lora-dataset/005656.jpg,1.0,False,0.5625,False,0.828369121145041,False,1.0,False,1,False,0.9359523971109983,False,0.7036122097281733,False,1.0,False,1.0,False
C:/Users/jood1/Documents/stc-lora-dataset/005693.jpg,1.0,False,0.5625,False,0.8786919061771323,False,0.8334563775996051,False,1,False,0.9746692890366235,False,0.5006307054892876,False,1.0,False,1.0,False
C:/Users/jood1/Documents/stc-lora-dataset/005695.jpg,1.0,False,0.5625,False,0.8811755143554558,False,0.8511497350217909,False,1,False,0.9746692890366235,False,0.49431014334248,False,1.0,False,1.0,False
C:/Users/jood1/Documents/stc-lora-dataset/005729.jpg,1.0,False,0.5625,False,0.5830996420944577,False,0.9773575677419123,False,1,False,1.0,False,0.8187792443865888,False,1.0,False,1.0,False
C:/Users/jood1/Documents/stc-lora-dataset/005802.jpg,1.0,False,0.5625,False,0.8718135129192324,False,0.8405846900039701,False,1,False,0.794113677065845,False,0.4546456393610778,False,1.0,False,1.0,False
C:/Users/jood1/Documents/stc-lora-dataset/005812.jpg,1.0,False,0.5625,False,0.890678754170847,False,0.9366907712962644,False,1,False,0.7578863645942124,False,0.4763194832301827,False,1.0,False,1.0,False
C:/Users/jood1/Documents/stc-lora-dataset/005817.jpg,1.0,False,0.5625,False,0.6747493851832171,False,0.5881936715714597,False,1,False,0.7978744446172705,False,0.5746251709885928,False,1.0,False,1.0,False
C:/Users/jood1/Documents/stc-lora-dataset/005860.jpg,1.0,False,0.5625,False,0.30302135346238385,False,0.4980392156862745,False,1,False,1.0,False,1.0,False,1.0,False,1.0,False
C:/Users/jood1/Documents/stc-lora-dataset/005900.jpg,1.0,False,0.5625,False,0.8555951884113795,False,0.9218514433961783,False,1,False,0.95412881693614,False,0.48873334352166964,False,1.0,False,1.0,False
C:/Users/jood1/Documents/stc-lora-dataset/005901.jpg,1.0,False,0.5625,False,0.9127269349273451,False,0.7755674591376646,False,1,False,1.0,False,0.5698944209195922,False,1.0,False,1.0,False
C:/Users/jood1/Documents/stc-lora-dataset/005907.jpg,1.0,False,0.5625,False,0.7919312930544087,False,0.9211079217197399,False,1,False,0.72595729531251,False,0.5029539425037228,False,1.0,False,1.0,False
C:/Users/jood1/Documents/stc-lora-dataset/005911.jpg,1.0,False,0.5625,False,0.7485433479558332,False,1.0,False,1,False,0.8933930672587028,False,0.6757550415694262,False,1.0,False,1.0,False
C:/Users/jood1/Documents/stc-lora-dataset/005936.jpg,1.0,False,0.5625,False,0.6800542764583148,False,1.0,False,1,False,0.9715290350255784,False,0.6789910361519069,False,1.0,False,1.0,False
C:/Users/jood1/Documents/stc-lora-dataset/005984.jpg,1.0,False,0.5625,False,0.8460716594602151,False,0.7295989280430013,False,1,False,0.7255032961191413,False,0.42223149045478214,False,1.0,False,1.0,False
C:/Users/jood1/Documents/stc-lora-dataset/006023.jpg,1.0,False,0.5625,False,0.8991564287937689,False,0.9215599024460857,False,1,False,0.8414484134668933,False,0.5108004422190898,False,1.0,False,1.0,False
C:/Users/jood1/Documents/stc-lora-dataset/006024.jpg,1.0,False,0.5625,False,0.877683088854811,False,0.9271778326967007,False,1,False,0.7642198556024565,False,0.487098171377797,False,1.0,False,1.0,False
C:/Users/jood1/Documents/stc-lora-dataset/006028.jpg,1.0,False,0.5625,False,0.8762271741921144,False,0.9883120148639813,False,1,False,0.8899514823333592,False,0.47441488045653823,False,1.0,False,1.0,False
C:/Users/jood1/Documents/stc-lora-dataset/006033.jpg,1.0,False,0.5625,False,0.9006746810183115,False,0.9315099414516685,False,1,False,0.823107408215622,False,0.5212272247580857,False,1.0,False,1.0,False
C:/Users/jood1/Documents/stc-lora-dataset/006061.jpg,1.0,False,0.5625,False,0.7928021941798831,False,0.6553723404128109,False,1,False,0.9477328580171318,False,0.5232220109323553,False,1.0,False,1.0,False
C:/Users/jood1/Documents/stc-lora-dataset/006098.jpg,1.0,False,0.5625,False,0.9455976281934868,False,0.9674731944454305,False,1,False,0.9760953291063674,False,0.5664131893701476,False,1.0,False,1.0,False
C:/Users/jood1/Documents/stc-lora-dataset/006099.jpg,1.0,False,0.5625,False,0.8506110140665908,False,0.9930598206099988,False,1,False,0.808434848974563,False,0.46483981849549616,False,1.0,False,1.0,False
C:/Users/jood1/Documents/stc-lora-dataset/006105.jpg,1.0,False,0.5625,False,0.6631125694151412,False,1.0,False,1,False,0.5337073149516985,False,0.609152345595037,False,1.0,False,1.0,False
C:/Users/jood1/Documents/stc-lora-dataset/006112.jpg,1.0,False,0.5625,False,0.8686217776388307,False,0.8825648313369964,False,1,False,0.9891873409724656,False,0.5561821625219756,False,1.0,False,1.0,False
C:/Users/jood1/Documents/stc-lora-dataset/006130.jpg,1.0,False,0.5625,False,0.7014856477763869,False,0.8091761321054234,False,1,False,0.5560716280454423,False,0.4512980771177003,False,1.0,False,1.0,False
C:/Users/jood1/Documents/stc-lora-dataset/006168.jpg,1.0,False,0.5625,False,0.8749344104355186,False,0.9327906002725006,False,1,False,0.9596319299524357,False,0.4941340835848842,False,1.0,False,1.0,False
C:/Users/jood1/Documents/stc-lora-dataset/006170.jpg,1.0,False,0.5625,False,0.7945417191963058,False,0.9930520693102984,False,1,False,0.5814327317327265,False,0.3945783378804324,False,1.0,False,1.0,False
C:/Users/jood1/Documents/stc-lora-dataset/006171.jpg,1.0,False,0.5625,False,0.8531294373693803,False,0.9535020350352086,False,1,False,0.6481427403886376,False,0.39506993818832425,False,1.0,False,1.0,False
C:/Users/jood1/Documents/stc-lora-dataset/006187.jpg,1.0,False,0.5625,False,0.8894937504461771,False,0.9137254901960784,False,1,False,0.988536998763261,False,0.5393798279683646,False,1.0,False,1.0,False
C:/Users/jood1/Documents/stc-lora-dataset/006193.jpg,1.0,False,0.5625,False,0.7573368318344513,False,0.6084469746939789,False,1,False,1.0,False,0.7671073831071714,False,1.0,False,1.0,False
C:/Users/jood1/Documents/stc-lora-dataset/006231.jpg,1.0,False,0.5625,False,0.7585840959041616,False,0.9934802815872563,False,1,False,0.6899550381241037,False,0.6283127085235695,False,1.0,False,1.0,False
C:/Users/jood1/Documents/stc-lora-dataset/006268.jpg,1.0,False,0.5625,False,0.9192045907733442,False,0.9199457123835182,False,1,False,0.8220622692177018,False,0.4666874174344201,False,1.0,False,1.0,False
C:/Users/jood1/Documents/stc-lora-dataset/006277.jpg,1.0,False,0.5625,False,0.9131162942230366,False,0.8994118222433412,False,1,False,0.9963455871469985,False,0.5603323497692123,False,1.0,False,1.0,False
C:/Users/jood1/Documents/stc-lora-dataset/006322.jpg,1.0,False,0.5625,False,0.7589263761551502,False,1.0,False,1,False,0.8314207440710539,False,0.6435907085809385,False,1.0,False,1.0,False
C:/Users/jood1/Documents/stc-lora-dataset/006349.jpg,1.0,False,0.5625,False,0.913858507719708,False,0.8785835234232449,False,1,False,0.9963625347500751,False,0.5292001400527266,False,1.0,False,1.0,False
C:/Users/jood1/Documents/stc-lora-dataset/006361.jpg,1.0,False,0.5625,False,0.7807712871131682,False,0.9887211432080015,False,1,False,0.9920535325561478,False,0.45842212213077427,False,1.0,False,1.0,False
C:/Users/jood1/Documents/stc-lora-dataset/006362.jpg,1.0,False,0.5625,False,0.7155105078703765,False,0.9667734119795577,False,1,False,0.4248665891879798,False,0.5361275483233398,False,1.0,False,1.0,False
C:/Users/jood1/Documents/stc-lora-dataset/006415.jpg,1.0,False,0.5625,False,0.933264946377658,False,0.9631178607547027,False,1,False,0.9628708276194202,False,0.6342388085002333,False,1.0,False,1.0,False
C:/Users/jood1/Documents/stc-lora-dataset/006435.jpg,1.0,False,0.5625,False,0.8502142137177752,False,0.6993496220689285,False,1,False,0.8157503085725303,False,0.39842688531941783,False,1.0,False,1.0,False
C:/Users/jood1/Documents/stc-lora-dataset/006477.jpg,1.0,False,0.5625,False,0.8094151784497946,False,0.9351610399965194,False,1,False,0.5404299764736835,False,0.3707437651388068,False,1.0,False,1.0,False
C:/Users/jood1/Documents/stc-lora-dataset/006542.jpg,1.0,False,0.5625,False,0.8848418589444373,False,0.8730191476228228,False,1,False,0.9002680108442601,False,0.5572438525986154,False,1.0,False,1.0,False
C:/Users/jood1/Documents/stc-lora-dataset/006601.jpg,1.0,False,0.5625,False,0.8992342485638988,False,0.7364074538744817,False,1,False,0.996078431372549,False,0.41966439883177553,False,1.0,False,1.0,False
C:/Users/jood1/Documents/stc-lora-dataset/006607.jpg,1.0,False,0.5625,False,0.9141929038283533,False,0.940448297851714,False,1,False,0.9095283135625064,False,0.413619117169295,False,1.0,False,1.0,False
C:/Users/jood1/Documents/stc-lora-dataset/006609.jpg,1.0,False,0.5625,False,0.9010871394785073,False,0.8949449165923489,False,1,False,0.9416354292723201,False,0.523258210463929,False,1.0,False,1.0,False
C:/Users/jood1/Documents/stc-lora-dataset/006655.jpg,1.0,False,0.5625,False,0.7586881033906181,False,1.0,False,1,False,0.9403628657855072,False,0.7730094695648061,False,1.0,False,1.0,False
C:/Users/jood1/Documents/stc-lora-dataset/006671.jpg,1.0,False,0.5625,False,0.8245683188856326,False,0.9591049768070357,False,1,False,0.5859686657160744,False,0.31826569319731657,False,1.0,False,1.0,False
C:/Users/jood1/Documents/stc-lora-dataset/006684.jpg,1.0,False,0.5625,False,0.8724034524664124,False,0.8247670852994117,False,1,False,0.8151903847088723,False,0.47059668477092687,False,1.0,False,1.0,False
C:/Users/jood1/Documents/stc-lora-dataset/006705.jpg,1.0,False,0.5625,False,0.816767711365586,False,0.637881070385807,False,1,False,1.0,False,0.5237310283253077,False,1.0,False,1.0,False
C:/Users/jood1/Documents/stc-lora-dataset/006721.jpg,1.0,False,0.5625,False,0.9319267192887541,False,0.8980569397003769,False,1,False,0.8708041421021981,False,0.48973513791197765,False,1.0,False,1.0,False
C:/Users/jood1/Documents/stc-lora-dataset/006724.jpg,1.0,False,0.5625,False,0.7911804367518047,False,1.0,False,1,False,0.73426967589547,False,0.403489764623832,False,1.0,False,1.0,False
C:/Users/jood1/Documents/stc-lora-dataset/006748.jpg,1.0,False,0.5625,False,0.32815631088888964,False,0.8043674088331814,False,1,False,1.0,False,1.0,False,1.0,False,1.0,False
C:/Users/jood1/Documents/stc-lora-dataset/006768.jpg,1.0,False,0.5625,False,0.9192596080862443,False,0.9095284683493439,False,1,False,0.8999789394776235,False,0.5179399534350526,False,1.0,False,1.0,False
C:/Users/jood1/Documents/stc-lora-dataset/006797.jpg,1.0,False,0.5625,False,0.7462777847980666,False,0.9979547600297404,False,1,False,0.5667499090769026,False,0.6162650285987681,False,1.0,False,1.0,False
C:/Users/jood1/Documents/stc-lora-dataset/006808.jpg,1.0,False,0.5625,False,0.6628658429178473,False,0.9702033032492711,False,1,False,0.3582823949202694,False,0.5331293293145625,False,1.0,False,1.0,False
C:/Users/jood1/Documents/stc-lora-dataset/006860.jpg,1.0,False,0.5625,False,0.843995604403737,False,0.8823498039633976,False,1,False,0.9884410850155475,False,0.5493849388953841,False,1.0,False,1.0,False
C:/Users/jood1/Documents/stc-lora-dataset/006877.jpg,1.0,False,0.5625,False,0.9090643462655283,False,0.9672716962170034,False,1,False,0.877917540545195,False,0.4217617961268485,False,1.0,False,1.0,False
C:/Users/jood1/Documents/stc-lora-dataset/006905.jpg,1.0,False,0.5625,False,0.8565523492700413,False,0.7927250088575687,False,1,False,0.7846123745131341,False,0.47194725495529377,False,1.0,False,1.0,False
C:/Users/jood1/Documents/stc-lora-dataset/006907.jpg,1.0,False,0.5625,False,0.9011324535147456,False,0.9297397598521305,False,1,False,0.7955812607670318,False,0.4829458604526087,False,1.0,False,1.0,False
C:/Users/jood1/Documents/stc-lora-dataset/006931.jpg,1.0,False,0.5625,False,0.9072550454976733,False,0.903400054844346,False,1,False,1.0,False,0.5756592695737606,False,1.0,False,1.0,False
C:/Users/jood1/Documents/stc-lora-dataset/006935.jpg,1.0,False,0.5625,False,0.9084696657727553,False,0.8995408464972388,False,1,False,1.0,False,0.5766776939308147,False,1.0,False,1.0,False
C:/Users/jood1/Documents/stc-lora-dataset/006959.jpg,1.0,False,0.5625,False,0.8972919786098121,False,0.9677257046203487,False,1,False,1.0,False,0.596714137440084,False,1.0,False,1.0,False
C:/Users/jood1/Documents/stc-lora-dataset/006960.jpg,1.0,False,0.5625,False,0.8445162100602597,False,1.0,False,1,False,0.7857077121910793,False,0.39385895109757185,False,1.0,False,1.0,False
C:/Users/jood1/Documents/stc-lora-dataset/006961.jpg,1.0,False,0.5625,False,0.8891693275338618,False,1.0,False,1,False,0.9879543562700903,False,0.5205011049397792,False,1.0,False,1.0,False
C:/Users/jood1/Documents/stc-lora-dataset/006983.jpg,1.0,False,0.5625,False,0.8800990984925932,False,0.8588727209884655,False,1,False,0.9445729808274154,False,0.5497394583968052,False,1.0,False,1.0,False
C:/Users/jood1/Documents/stc-lora-dataset/007035.jpg,1.0,False,0.5625,False,0.8204524176211223,False,0.489960356155559,False,1,False,0.99511013611888,False,0.4715862743081429,False,1.0,False,1.0,False
C:/Users/jood1/Documents/stc-lora-dataset/007043.jpg,1.0,False,0.5625,False,0.911970191229055,False,0.9134791395969133,False,1,False,0.9298769085072548,False,0.5170383943521017,False,1.0,False,1.0,False
C:/Users/jood1/Documents/stc-lora-dataset/007067.jpg,1.0,False,0.5625,False,0.5433605440678148,False,0.8464157811996504,False,1,False,0.9972918423605541,False,0.8226140518414431,False,1.0,False,1.0,False
C:/Users/jood1/Documents/stc-lora-dataset/007068.jpg,1.0,False,0.5625,False,0.6536490796286354,False,0.9817737741291197,False,1,False,1.0,False,0.9060359735410953,False,1.0,False,1.0,False
C:/Users/jood1/Documents/stc-lora-dataset/007089.jpg,1.0,False,0.5625,False,0.8515471172256833,False,1.0,False,1,False,0.8330304870696769,False,0.5677473201241727,False,1.0,False,1.0,False
C:/Users/jood1/Documents/stc-lora-dataset/007092.jpg,1.0,False,0.5625,False,0.8722996175366426,False,0.9463825331013105,False,1,False,0.7500011048951604,False,0.48174772549620726,False,1.0,False,1.0,False
C:/Users/jood1/Documents/stc-lora-dataset/007094.jpg,1.0,False,0.5625,False,0.87621917776716,False,0.9367807133803928,False,1,False,0.7769093234643366,False,0.5037446566181392,False,1.0,False,1.0,False
C:/Users/jood1/Documents/stc-lora-dataset/007096.jpg,1.0,False,0.5625,False,0.8087510645775859,False,0.9627304466374611,False,1,False,0.7306939184505316,False,0.3263890429372779,False,1.0,False,1.0,False
C:/Users/jood1/Documents/stc-lora-dataset/007097.jpg,1.0,False,0.5625,False,0.8752079776025717,False,0.9585853759157099,False,1,False,0.7391767920282168,False,0.48683581526411157,False,1.0,False,1.0,False
C:/Users/jood1/Documents/stc-lora-dataset/007100.jpg,1.0,False,0.5625,False,0.8872366609732136,False,0.9339074315465997,False,1,False,0.9689518174008316,False,0.51144213939379,False,1.0,False,1.0,False
C:/Users/jood1/Documents/stc-lora-dataset/007118.jpg,1.0,False,0.5625,False,0.8657334817162345,False,0.6866081430884494,False,1,False,0.8595247651996664,False,0.46798536384990874,False,1.0,False,1.0,False
C:/Users/jood1/Documents/stc-lora-dataset/007123.jpg,1.0,False,0.5625,False,0.6272802232878298,False,1.0,False,1,False,0.3254901960784314,False,0.6338079980876952,False,1.0,False,1.0,False
C:/Users/jood1/Documents/stc-lora-dataset/007133.jpg,1.0,False,0.5625,False,0.8672117195302497,False,0.9079394746341187,False,1,False,0.7396853139722775,False,0.5201740181764996,False,1.0,False,1.0,False
C:/Users/jood1/Documents/stc-lora-dataset/007135.jpg,1.0,False,0.5625,False,0.8930672053141561,False,0.9505756318594768,False,1,False,0.7291004501158209,False,0.4794222306582714,False,1.0,False,1.0,False
C:/Users/jood1/Documents/stc-lora-dataset/007136.jpg,1.0,False,0.5625,False,0.8867319240858033,False,0.9826619649709161,False,1,False,0.7301356728242281,False,0.4583098205819479,False,1.0,False,1.0,False
C:/Users/jood1/Documents/stc-lora-dataset/007137.jpg,1.0,False,0.5625,False,0.8811574989345771,False,0.9328761924773916,False,1,False,0.7089852499049981,False,0.42391156027971433,False,1.0,False,1.0,False
C:/Users/jood1/Documents/stc-lora-dataset/007138.jpg,1.0,False,0.5625,False,0.9067281545680219,False,0.9672792153196761,False,1,False,0.7916192798298847,False,0.4804798435867833,False,1.0,False,1.0,False
C:/Users/jood1/Documents/stc-lora-dataset/007140.jpg,1.0,False,0.5625,False,0.894468472355965,False,0.9713333601566607,False,1,False,0.7980441296760594,False,0.481297187230616,False,1.0,False,1.0,False
C:/Users/jood1/Documents/stc-lora-dataset/007141.jpg,1.0,False,0.5625,False,0.7756758532222692,False,0.993569344851107,False,1,False,0.7508036755168092,False,0.7053027198960572,False,1.0,False,1.0,False
C:/Users/jood1/Documents/stc-lora-dataset/007142.jpg,1.0,False,0.5625,False,0.8824031761534065,False,0.9073067756891524,False,1,False,0.7902800908971674,False,0.49413688652486787,False,1.0,False,1.0,False
C:/Users/jood1/Documents/stc-lora-dataset/007203.jpg,1.0,False,0.5625,False,0.7320573889817171,False,1.0,False,1,False,0.7665378157606819,False,0.6521344692710157,False,1.0,False,1.0,False
C:/Users/jood1/Documents/stc-lora-dataset/007218.jpg,1.0,False,0.5625,False,0.8796968243074513,False,0.9659552277057253,False,1,False,0.9870479639808644,False,0.5195296711740034,False,1.0,False,1.0,False
C:/Users/jood1/Documents/stc-lora-dataset/007219.jpg,1.0,False,0.5625,False,0.9077808594360701,False,0.9391136845721293,False,1,False,0.9941260161306071,False,0.4986610859555489,False,1.0,False,1.0,False
C:/Users/jood1/Documents/stc-lora-dataset/007235.jpg,1.0,False,0.5625,False,0.7395432501163453,False,0.5885457416807497,False,1,False,0.9945869952105282,False,0.7537972406481783,False,1.0,False,1.0,False
C:/Users/jood1/Documents/stc-lora-dataset/007295.jpg,1.0,False,0.5625,False,0.8534192779054326,False,0.9394603278575595,False,1,False,0.9612526749577437,False,0.5179765257187342,False,1.0,False,1.0,False
C:/Users/jood1/Documents/stc-lora-dataset/007365.jpg,1.0,False,0.5625,False,0.8912521688289079,False,0.9349463888908609,False,1,False,0.8235294117647058,False,0.39811660879667565,False,1.0,False,1.0,False
C:/Users/jood1/Documents/stc-lora-dataset/007371.jpg,1.0,False,0.5625,False,0.7668211652850956,False,1.0,False,1,False,0.8979290196968172,False,0.8715771183116785,False,1.0,False,1.0,False
C:/Users/jood1/Documents/stc-lora-dataset/007392.jpg,1.0,False,0.5625,False,0.8883107802786294,False,0.8679300920266847,False,1,False,0.8753207793395288,False,0.5123971869781042,False,1.0,False,1.0,False
C:/Users/jood1/Documents/stc-lora-dataset/007417.jpg,1.0,False,0.5625,False,0.8371374238335177,False,0.9328771089215595,False,1,False,0.6496297706448745,False,0.4473668000174482,False,1.0,False,1.0,False
C:/Users/jood1/Documents/stc-lora-dataset/007418.jpg,1.0,False,0.5625,False,0.8724949450210983,False,0.8794634575964849,False,1,False,0.8029664819206609,False,0.3701081295410351,False,1.0,False,1.0,False
C:/Users/jood1/Documents/stc-lora-dataset/007443.jpg,1.0,False,0.5625,False,0.8145686545564635,False,0.9948869000743509,False,1,False,0.8980835420176158,False,0.5708178808384736,False,1.0,False,1.0,False
C:/Users/jood1/Documents/stc-lora-dataset/007464.jpg,1.0,False,0.5625,False,0.7576525733748628,False,1.0,False,1,False,0.8825170043550314,False,0.8246605438333529,False,1.0,False,1.0,False
C:/Users/jood1/Documents/stc-lora-dataset/007501.jpg,1.0,False,0.5625,False,0.8214467600141815,False,0.7614416295392716,False,1,False,0.868899333362989,False,0.41675296823577535,False,1.0,False,1.0,False
C:/Users/jood1/Documents/stc-lora-dataset/007502.jpg,1.0,False,0.5625,False,0.8116385919957573,False,0.8900214973297221,False,1,False,0.9342405954549815,False,0.39419274880382593,False,1.0,False,1.0,False
C:/Users/jood1/Documents/stc-lora-dataset/007509.jpg,1.0,False,0.5625,False,0.8391857663664887,False,0.9058134239336034,False,1,False,0.9078105613941163,False,0.5899694303302365,False,1.0,False,1.0,False
C:/Users/jood1/Documents/stc-lora-dataset/007527.jpg,1.0,False,0.5625,False,0.8727890182911735,False,0.9305006645234638,False,1,False,0.671414328918075,False,0.3782149280940993,False,1.0,False,1.0,False
C:/Users/jood1/Documents/stc-lora-dataset/007591.jpg,1.0,False,0.5625,False,0.7446138642918703,False,0.9979547600297404,False,1,False,0.991748990021163,False,0.7519495009864532,False,1.0,False,1.0,False
C:/Users/jood1/Documents/stc-lora-dataset/007599.jpg,1.0,False,0.5625,False,0.8813320953320878,False,0.918221612091272,False,1,False,0.763879281754274,False,0.5177658505414477,False,1.0,False,1.0,False
C:/Users/jood1/Documents/stc-lora-dataset/007649.jpg,1.0,False,0.5625,False,0.7558317803681964,False,1.0,False,1,False,0.585034165677195,False,0.5007635946684177,False,1.0,False,1.0,False
C:/Users/jood1/Documents/stc-lora-dataset/007655.jpg,1.0,False,0.5625,False,0.7838101457431785,False,1.0,False,1,False,0.9388206381923472,False,0.8623231112724459,False,1.0,False,1.0,False
C:/Users/jood1/Documents/stc-lora-dataset/007656.jpg,1.0,False,0.5625,False,0.7560579169210583,False,1.0,False,1,False,0.7717234356465026,False,0.8130383798095117,False,1.0,False,1.0,False
C:/Users/jood1/Documents/stc-lora-dataset/007673.jpg,1.0,False,0.5625,False,0.8710726083479424,False,1.0,False,1,False,0.9079732511680073,False,0.526613453989945,False,1.0,False,1.0,False
C:/Users/jood1/Documents/stc-lora-dataset/007705.jpg,1.0,False,0.5625,False,0.630148141229228,False,0.9529411764705882,False,1,False,0.519976177255742,False,0.6850366796939942,False,1.0,False,1.0,False
C:/Users/jood1/Documents/stc-lora-dataset/007712.jpg,1.0,False,0.5625,False,0.9052975309476738,False,0.9513807723588245,False,1,False,1.0,False,0.5267441658630663,False,1.0,False,1.0,False
C:/Users/jood1/Documents/stc-lora-dataset/007721.jpg,1.0,False,0.5625,False,0.8766065767655489,False,0.7535720160989839,False,1,False,1.0,False,0.509635120197484,False,1.0,False,1.0,False
C:/Users/jood1/Documents/stc-lora-dataset/007733.jpg,1.0,False,0.5625,False,0.8869358840492403,False,0.7069114736546673,False,1,False,0.8718549431568068,False,0.42780525494190225,False,1.0,False,1.0,False
C:/Users/jood1/Documents/stc-lora-dataset/007740.jpg,1.0,False,0.5625,False,0.43147055975058946,False,0.8149589652417443,False,1,False,1.0,False,0.9754039513103966,False,1.0,False,1.0,False
C:/Users/jood1/Documents/stc-lora-dataset/007750.jpg,1.0,False,0.5625,False,0.837803069525254,False,0.8909231353628219,False,1,False,0.857307884554695,False,0.49502854820403674,False,1.0,False,1.0,False
C:/Users/jood1/Documents/stc-lora-dataset/007796.jpg,1.0,False,0.5625,False,0.9028280730115018,False,0.9212196977372775,False,1,False,1.0,False,0.5666636450194289,False,1.0,False,1.0,False
C:/Users/jood1/Documents/stc-lora-dataset/007801.jpg,1.0,False,0.5625,False,0.9103237102348635,False,0.9239693904090515,False,1,False,1.0,False,0.573096868284382,False,1.0,False,1.0,False
C:/Users/jood1/Documents/stc-lora-dataset/007810.jpg,1.0,False,0.5625,False,0.9107587993722451,False,0.9920323607220703,False,1,False,0.912589987030904,False,0.5934638452049454,False,1.0,False,1.0,False
C:/Users/jood1/Documents/stc-lora-dataset/007817.jpg,1.0,False,0.5625,False,0.8676944722579883,False,0.8952678302808211,False,1,False,0.8706444974483025,False,0.5070349470855104,False,1.0,False,1.0,False
C:/Users/jood1/Documents/stc-lora-dataset/007847.jpg,1.0,False,0.5625,False,0.779756084325592,False,0.9523669027152376,False,1,False,0.8753390599186697,False,0.37944434863123333,False,1.0,False,1.0,False
C:/Users/jood1/Documents/stc-lora-dataset/007872.jpg,1.0,False,0.5625,False,0.6427399494323162,False,0.1297829355091763,False,1,False,0.9742048128094206,False,0.7617741797053306,False,1.0,False,1.0,False
C:/Users/jood1/Documents/stc-lora-dataset/007888.jpg,1.0,False,0.5625,False,0.9369897077672431,False,0.8734822097508836,False,1,False,0.9959237412692215,False,0.5444217368766386,False,1.0,False,1.0,False
C:/Users/jood1/Documents/stc-lora-dataset/007903.jpg,1.0,False,0.5625,False,0.39918535868647376,False,0.811224793917812,False,1,False,1.0,False,0.9989544940295751,False,1.0,False,1.0,False
C:/Users/jood1/Documents/stc-lora-dataset/007907.jpg,1.0,False,0.5625,False,0.8728808190510068,False,0.9505620984159577,False,1,False,0.6743867415094453,False,0.47830968031686105,False,1.0,False,1.0,False
C:/Users/jood1/Documents/stc-lora-dataset/007909.jpg,1.0,False,0.5625,False,0.9026191193547718,False,0.9333333333333333,False,1,False,0.9295847692046458,False,0.4587906500680986,False,1.0,False,1.0,False
C:/Users/jood1/Documents/stc-lora-dataset/007933.jpg,1.0,False,0.5625,False,0.905123947078836,False,0.8595720825476644,False,1,False,0.9892462071896267,False,0.49258232218395204,False,1.0,False,1.0,False
C:/Users/jood1/Documents/stc-lora-dataset/007988.jpg,1.0,False,0.5625,False,0.7789331658966399,False,0.9951271452338795,False,1,False,0.7933497909568178,False,0.732855258752546,False,1.0,False,1.0,False
C:/Users/jood1/Documents/stc-lora-dataset/007990.jpg,1.0,False,0.5625,False,0.8861075329781589,False,0.9226899768655623,False,1,False,0.7870294942609211,False,0.49973904556584936,False,1.0,False,1.0,False
C:/Users/jood1/Documents/stc-lora-dataset/007994.jpg,1.0,False,0.5625,False,0.8982275103308498,False,0.9764705882352941,False,1,False,0.9164249613181802,False,0.5128137061223124,False,1.0,False,1.0,False
C:/Users/jood1/Documents/stc-lora-dataset/008011.jpg,1.0,False,0.5625,False,0.8897554067297064,False,0.9212519139696653,False,1,False,0.978428967736445,False,0.46847866757329526,False,1.0,False,1.0,False
C:/Users/jood1/Documents/stc-lora-dataset/008027.jpg,1.0,False,0.5625,False,0.9022653230234998,False,0.9523520535869003,False,1,False,0.8699991382620452,False,0.4935083436650498,False,1.0,False,1.0,False
C:/Users/jood1/Documents/stc-lora-dataset/008034.jpg,1.0,False,0.5625,False,0.9140756512580208,False,0.8806587993031096,False,1,False,0.9401360343950297,False,0.45567842014277404,False,1.0,False,1.0,False
C:/Users/jood1/Documents/stc-lora-dataset/008041.jpg,1.0,False,0.5625,False,0.8095190907555798,False,0.7741143791086069,False,1,False,0.8230588758468875,False,0.48522864570786883,False,1.0,False,1.0,False
C:/Users/jood1/Documents/stc-lora-dataset/008059.jpg,1.0,False,0.5625,False,0.9171888466781953,False,0.9080259635787101,False,1,False,0.8649084463286072,False,0.4894165154941875,False,1.0,False,1.0,False
C:/Users/jood1/Documents/stc-lora-dataset/008088.jpg,1.0,False,0.5625,False,0.9046946265524585,False,0.9629483355810182,False,1,False,0.7825383337271107,False,0.505677098390807,False,1.0,False,1.0,False
C:/Users/jood1/Documents/stc-lora-dataset/008123.jpg,1.0,False,0.5625,False,0.8442882505645303,False,0.9444892298932271,False,1,False,0.9959671159044816,False,0.5045111391006014,False,1.0,False,1.0,False
C:/Users/jood1/Documents/stc-lora-dataset/008127.jpg,1.0,False,0.5625,False,0.8835647686926207,False,0.9258008540202167,False,1,False,0.9623629368098757,False,0.5397788715249405,False,1.0,False,1.0,False
C:/Users/jood1/Documents/stc-lora-dataset/008151.jpg,1.0,False,0.5625,False,0.7922188946581242,False,1.0,False,1,False,0.7577675380195951,False,0.7680156171695328,False,1.0,False,1.0,False
C:/Users/jood1/Documents/stc-lora-dataset/008174.jpg,1.0,False,0.5625,False,0.6307877719557556,False,0.996078431372549,False,1,False,0.34677673259369396,False,0.5683868796705425,False,1.0,False,1.0,False
C:/Users/jood1/Documents/stc-lora-dataset/008178.jpg,1.0,False,0.5625,False,0.8616985875724315,False,0.9461712742249105,False,1,False,0.719811714455655,False,0.484725791090298,False,1.0,False,1.0,False
C:/Users/jood1/Documents/stc-lora-dataset/008197.jpg,1.0,False,0.5625,False,0.8373689163920468,False,0.9803921568627451,False,1,False,0.960411540329137,False,0.6321927292059172,False,1.0,False,1.0,False
C:/Users/jood1/Documents/stc-lora-dataset/008221.jpg,1.0,False,0.5625,False,0.557978060180423,False,1.0,False,1,False,0.555864858872924,False,0.655544525656062,False,1.0,False,1.0,False
C:/Users/jood1/Documents/stc-lora-dataset/008276.jpg,1.0,False,0.5625,False,0.8041119841790606,False,0.9570107709098848,False,1,False,0.42681199676561804,False,0.3723298817624763,False,1.0,False,1.0,False
C:/Users/jood1/Documents/stc-lora-dataset/008291.jpg,1.0,False,0.5625,False,0.36134748572531095,False,0.7889981423559073,False,1,False,1.0,False,1.0,False,1.0,False,1.0,False
C:/Users/jood1/Documents/stc-lora-dataset/008308.jpg,1.0,False,0.5625,False,0.5951772893422411,False,1.0,False,1,False,0.7929868686045914,False,0.4869753762568727,False,1.0,False,1.0,False
C:/Users/jood1/Documents/stc-lora-dataset/008346.jpg,1.0,False,0.5625,False,0.8719447369998297,False,0.8498542550933537,False,1,False,0.983578922667873,False,0.48634970324854765,False,1.0,False,1.0,False
C:/Users/jood1/Documents/stc-lora-dataset/008347.jpg,1.0,False,0.5625,False,0.8998329053471686,False,0.6517447067023177,False,1,False,0.9986788658643893,False,0.5317181830155996,False,1.0,False,1.0,False
C:/Users/jood1/Documents/stc-lora-dataset/008363.jpg,1.0,False,0.5625,False,0.7436632236355849,False,0.9543136413364404,False,1,False,0.631007847414479,False,0.5875454429447592,False,1.0,False,1.0,False
C:/Users/jood1/Documents/stc-lora-dataset/008365.jpg,1.0,False,0.5625,False,0.9092615985316052,False,0.8531455014226568,False,1,False,0.905528697624886,False,0.3651758507150076,False,1.0,False,1.0,False
C:/Users/jood1/Documents/stc-lora-dataset/flagged_for_review/000000.png,0.7598624946676005,True,0.24535989135355366,True,0.29201465173491276,True,0.6373038718798811,False,1,False,1.0,False,0.8581274543402999,False,1.0,False,1.0,False
C:/Users/jood1/Documents/stc-lora-dataset/flagged_for_review/000001.png,0.6228365333072734,True,0.452023988005997,False,0.40079484071619564,False,0.818998641624024,False,1,False,1.0,False,1.0,False,1.0,False,1.0,False
C:/Users/jood1/Documents/stc-lora-dataset/flagged_for_review/000002.png,0.7598624946676005,True,0.24535989135355366,True,0.3092713743302096,False,0.42909755972748564,False,1,False,1.0,False,0.8997507193303493,False,1.0,False,1.0,False
C:/Users/jood1/Documents/stc-lora-dataset/flagged_for_review/000003.webp,0.8505172717997146,True,0.6666666666666666,False,0.7815041869761388,False,0.8812296760547582,False,1,False,0.983425268902305,False,0.584026082099337,False,1.0,False,1.0,False
C:/Users/jood1/Documents/stc-lora-dataset/flagged_for_review/000004.png,0.7598624946676005,True,0.24535989135355366,True,0.25969657029441345,True,0.8356181057686226,False,1,False,1.0,False,0.7546669868991355,False,1.0,False,1.0,False
C:/Users/jood1/Documents/stc-lora-dataset/flagged_for_review/000005.png,0.7598624946676005,True,0.24535989135355366,True,0.2922280541244416,True,0.7487804754414664,False,1,False,1.0,False,0.8741123655868094,False,1.0,False,1.0,False
C:/Users/jood1/Documents/stc-lora-dataset/flagged_for_review/000011.png,0.7598624946676005,True,0.24535989135355366,True,0.2741249449313727,True,0.9201690559793896,False,1,False,1.0,False,0.6827213395917603,False,1.0,False,1.0,False
C:/Users/jood1/Documents/stc-lora-dataset/flagged_for_review/000014.webp,0.8553667901090827,True,0.7369791666666666,False,0.859353691232497,False,0.8626474297075727,False,1,False,0.8778291703330334,False,0.5058134429370368,False,1.0,False,1.0,False
C:/Users/jood1/Documents/stc-lora-dataset/flagged_for_review/000015.png,0.6228365333072734,True,0.452023988005997,False,0.4311337491896458,False,0.7911279261064439,False,1,False,1.0,False,0.9548884882462141,False,1.0,False,1.0,False
C:/Users/jood1/Documents/stc-lora-dataset/flagged_for_review/000017.png,0.7598624946676005,True,0.24535989135355366,True,0.26593283908099646,True,0.5803921568627451,False,1,False,1.0,False,0.9147866117932986,False,1.0,False,1.0,False
C:/Users/jood1/Documents/stc-lora-dataset/flagged_for_review/000018.png,0.6228365333072734,True,0.452023988005997,False,0.40969234419987305,False,0.8837344512926356,False,1,False,1.0,False,0.8930924136579013,False,1.0,False,1.0,False
C:/Users/jood1/Documents/stc-lora-dataset/flagged_for_review/000019.png,0.7598624946676005,True,0.24535989135355366,True,0.2823727895407963,True,0.6861204054956536,False,1,False,1.0,False,0.9348384859701749,False,1.0,False,1.0,False
C:/Users/jood1/Documents/stc-lora-dataset/flagged_for_review/000023.png,0.6228365333072734,True,0.452023988005997,False,0.41063446363179845,False,0.8438866922403174,False,1,False,1.0,False,0.9537630202850669,False,1.0,False,1.0,False
C:/Users/jood1/Documents/stc-lora-dataset/flagged_for_review/000024.png,0.7598624946676005,True,0.24535989135355366,True,0.2788079375661225,True,0.7334999367035269,False,1,False,1.0,False,0.9124572787281412,False,1.0,False,1.0,False
C:/Users/jood1/Documents/stc-lora-dataset/flagged_for_review/000026.png,0.7598624946676005,True,0.24535989135355366,True,0.3381362376526134,False,0.8323847983484708,False,1,False,1.0,False,0.8891213784266289,False,1.0,False,1.0,False
C:/Users/jood1/Documents/stc-lora-dataset/flagged_for_review/000028.jpeg,0.3896322260862649,True,0.5082592121982211,False,0.7477129827129196,False,0.866524585505383,False,1,False,1.0,False,0.6066262865055518,False,1.0,False,1.0,False
C:/Users/jood1/Documents/stc-lora-dataset/flagged_for_review/000029.png,0.7598624946676005,True,0.24535989135355366,True,0.3057139440652221,False,0.5131849936144761,False,1,False,1.0,False,0.9130200714302527,False,1.0,False,1.0,False
C:/Users/jood1/Documents/stc-lora-dataset/flagged_for_review/000032.png,0.7598624946676005,True,0.24535989135355366,True,0.25202612924174295,True,0.4187669181603334,False,1,False,1.0,False,0.8969781844073563,False,1.0,False,1.0,False
C:/Users/jood1/Documents/stc-lora-dataset/flagged_for_review/000033.png,0.7598624946676005,True,0.24535989135355366,True,0.28066063607023717,True,0.4382089798449984,False,1,False,1.0,False,0.8368414011390067,False,1.0,False,1.0,False
C:/Users/jood1/Documents/stc-lora-dataset/flagged_for_review/000036.png,0.6228365333072734,True,0.452023988005997,False,0.4298025184023265,False,0.8654742477870565,False,1,False,1.0,False,0.8980328706816636,False,1.0,False,1.0,False
C:/Users/jood1/Documents/stc-lora-dataset/flagged_for_review/000041.png,0.7598624946676005,True,0.24535989135355366,True,0.2552173062898769,True,0.7406356215378236,False,1,False,1.0,False,0.8610350597812029,False,1.0,False,1.0,False
C:/Users/jood1/Documents/stc-lora-dataset/flagged_for_review/000042.png,0.7598624946676005,True,0.24535989135355366,True,0.30592011965276233,False,0.6921282391226614,False,1,False,1.0,False,0.8565344269625987,False,1.0,False,1.0,False
C:/Users/jood1/Documents/stc-lora-dataset/flagged_for_review/000052.png,0.7598624946676005,True,0.24535989135355366,True,0.31652499634651843,False,0.6992437572216242,False,1,False,1.0,False,0.8094666228769367,False,1.0,False,1.0,False
C:/Users/jood1/Documents/stc-lora-dataset/flagged_for_review/000053.png,0.7598624946676005,True,0.24535989135355366,True,0.30870419063766635,False,0.40525002264544396,False,1,False,1.0,False,0.9479026789185552,False,1.0,False,1.0,False
C:/Users/jood1/Documents/stc-lora-dataset/flagged_for_review/000054.png,0.7598624946676005,True,0.24535989135355366,True,0.2648243913121183,True,0.7911279261064439,False,1,False,1.0,False,0.7412188459150371,False,1.0,False,1.0,False
C:/Users/jood1/Documents/stc-lora-dataset/flagged_for_review/000055.png,0.7598624946676005,True,0.24535989135355366,True,0.2962410256308796,True,0.7664294170402777,False,1,False,1.0,False,0.8404604654954709,False,1.0,False,1.0,False
C:/Users/jood1/Documents/stc-lora-dataset/flagged_for_review/000059.png,0.7598624946676005,True,0.24535989135355366,True,0.3013449424725857,False,0.7911279261064439,False,1,False,1.0,False,0.8378182905209957,False,1.0,False,1.0,False
C:/Users/jood1/Documents/stc-lora-dataset/flagged_for_review/000064.png,0.7598624946676005,True,0.24535989135355366,True,0.3457221856812911,False,0.8576041765015963,False,1,False,1.0,False,0.8058852167864651,False,1.0,False,1.0,False
C:/Users/jood1/Documents/stc-lora-dataset/flagged_for_review/000067.png,0.7598624946676005,True,0.24535989135355366,True,0.26864109287298865,True,0.8632012060191974,False,1,False,1.0,False,0.8200317461649381,False,1.0,False,1.0,False
C:/Users/jood1/Documents/stc-lora-dataset/flagged_for_review/000068.png,0.6228365333072734,True,0.452023988005997,False,0.4075055118468444,False,0.7966064150380084,False,1,False,1.0,False,0.9429278078276523,False,1.0,False,1.0,False
C:/Users/jood1/Documents/stc-lora-dataset/flagged_for_review/000069.png,0.6228365333072734,True,0.452023988005997,False,0.4412761981065929,False,0.8439872539439509,False,1,False,1.0,False,0.947811157293585,False,1.0,False,1.0,False
C:/Users/jood1/Documents/stc-lora-dataset/flagged_for_review/000074.png,0.6228365333072734,True,0.452023988005997,False,0.3942933046227193,False,0.679873847434602,False,1,False,1.0,False,1.0,False,1.0,False,1.0,False
C:/Users/jood1/Documents/stc-lora-dataset/flagged_for_review/000077.png,0.6228365333072734,True,0.452023988005997,False,0.4305021571986649,False,0.8224006903110284,False,1,False,1.0,False,0.965983324570632,False,1.0,False,1.0,False
C:/Users/jood1/Documents/stc-lora-dataset/flagged_for_review/000078.png,0.7598624946676005,True,0.24535989135355366,True,0.3032594974688093,False,0.8867906234566598,False,1,False,1.0,False,0.7865003503936253,False,1.0,False,1.0,False
C:/Users/jood1/Documents/stc-lora-dataset/flagged_for_review/000084.png,0.7598624946676005,True,0.24535989135355366,True,0.29669777157778965,True,0.40870324769305977,False,1,False,1.0,False,0.9637355834812986,False,1.0,False,1.0,False
C:/Users/jood1/Documents/stc-lora-dataset/flagged_for_review/000085.png,0.6228365333072734,True,0.452023988005997,False,0.3814278749709461,False,0.6794816769880545,False,1,False,1.0,False,1.0,False,1.0,False,1.0,False
C:/Users/jood1/Documents/stc-lora-dataset/flagged_for_review/000086.jpg,0.5692208233005995,True,0.7801724137931034,False,0.9055441700581929,False,0.9794575672882999,False,1,False,0.7959468644298882,False,0.4929522583605005,False,1.0,False,1.0,False
C:/Users/jood1/Documents/stc-lora-dataset/flagged_for_review/000087.png,0.7598624946676005,True,0.24535989135355366,True,0.3109718935194344,False,0.7877362452600143,False,1,False,1.0,False,0.8748237063421752,False,1.0,False,1.0,False
C:/Users/jood1/Documents/stc-lora-dataset/flagged_for_review/000088.png,0.7598624946676005,True,0.24535989135355366,True,0.2796719249548553,True,0.5333333333333334,False,1,False,1.0,False,0.9537355110499224,False,1.0,False,1.0,False
C:/Users/jood1/Documents/stc-lora-dataset/flagged_for_review/000090.png,0.7598624946676005,True,0.24535989135355366,True,0.27804984010284983,True,0.599462433504906,False,1,False,1.0,False,0.8560811342803566,False,1.0,False,1.0,False
C:/Users/jood1/Documents/stc-lora-dataset/flagged_for_review/000092.png,0.7598624946676005,True,0.24535989135355366,True,0.2961794228617216,True,0.8054380209129574,False,1,False,1.0,False,0.7484754161819575,False,1.0,False,1.0,False
C:/Users/jood1/Documents/stc-lora-dataset/flagged_for_review/000093.png,0.7598624946676005,True,0.24535989135355366,True,0.2598017523221003,True,0.41656990092428625,False,1,False,1.0,False,0.9498387960904032,False,1.0,False,1.0,False
C:/Users/jood1/Documents/stc-lora-dataset/flagged_for_review/000095.png,0.7598624946676005,True,0.24535989135355366,True,0.31668673811873893,False,1.0,False,1,False,1.0,False,0.7513669603207243,False,1.0,False,1.0,False
C:/Users/jood1/Documents/stc-lora-dataset/flagged_for_review/000100.png,0.7598624946676005,True,0.24535989135355366,True,0.2892586506988621,True,0.6505059624599474,False,1,False,1.0,False,0.880188827010111,False,1.0,False,1.0,False
C:/Users/jood1/Documents/stc-lora-dataset/flagged_for_review/000101.png,0.7598624946676005,True,0.24535989135355366,True,0.33513693032897224,False,0.7680401272953123,False,1,False,1.0,False,0.8188001432320501,False,1.0,False,1.0,False
C:/Users/jood1/Documents/stc-lora-dataset/flagged_for_review/000103.png,0.7598624946676005,True,0.24535989135355366,True,0.27879596108409394,True,0.7911279261064439,False,1,False,1.0,False,0.6907383211222825,False,1.0,False,1.0,False
C:/Users/jood1/Documents/stc-lora-dataset/flagged_for_review/000104.png,0.7598624946676005,True,0.24535989135355366,True,0.3242966531378954,False,0.3605298714035452,False,1,False,1.0,False,0.9265907389278452,False,1.0,False,1.0,False
C:/Users/jood1/Documents/stc-lora-dataset/flagged_for_review/000107.png,0.7598624946676005,True,0.24535989135355366,True,0.3097525482279744,False,0.8086279331410767,False,1,False,1.0,False,0.8360426153288077,False,1.0,False,1.0,False
C:/Users/jood1/Documents/stc-lora-dataset/flagged_for_review/000110.png,0.6228365333072734,True,0.452023988005997,False,0.4096443666409167,False,0.8,False,1,False,1.0,False,0.948201772210597,False,1.0,False,1.0,False
C:/Users/jood1/Documents/stc-lora-dataset/flagged_for_review/000112.png,1.0,False,0.5625,False,0.24236149038848126,True,0.7741846504604734,False,1,False,1.0,False,1.0,False,1.0,False,1.0,False
C:/Users/jood1/Documents/stc-lora-dataset/flagged_for_review/000113.png,0.7598624946676005,True,0.24535989135355366,True,0.29630906340515517,True,0.7487804754414664,False,1,False,1.0,False,0.8615549296865898,False,1.0,False,1.0,False
C:/Users/jood1/Documents/stc-lora-dataset/flagged_for_review/000114.png,0.7598624946676005,True,0.24535989135355366,True,0.30855054229877243,False,0.5269239453539939,False,1,False,1.0,False,0.9408428216401483,False,1.0,False,1.0,False
C:/Users/jood1/Documents/stc-lora-dataset/flagged_for_review/000117.png,0.7598624946676005,True,0.24535989135355366,True,0.37576465899396677,False,0.6129102461848797,False,1,False,1.0,False,0.8898179987095117,False,1.0,False,1.0,False
C:/Users/jood1/Documents/stc-lora-dataset/flagged_for_review/000119.png,0.7598624946676005,True,0.24535989135355366,True,0.3248238440969004,False,0.5474365720851453,False,1,False,1.0,False,0.8788772362935819,False,1.0,False,1.0,False
C:/Users/jood1/Documents/stc-lora-dataset/flagged_for_review/000120.png,0.7598624946676005,True,0.24535989135355366,True,0.2885644098425836,True,0.7925244463940427,False,1,False,1.0,False,0.7469882229817681,False,1.0,False,1.0,False
C:/Users/jood1/Documents/stc-lora-dataset/flagged_for_review/000121.png,0.7598624946676005,True,0.24535989135355366,True,0.3186265246740716,False,0.5840654829286833,False,1,False,1.0,False,0.8704789087613238,False,1.0,False,1.0,False
C:/Users/jood1/Documents/stc-lora-dataset/flagged_for_review/000122.png,0.7598624946676005,True,0.24535989135355366,True,0.2753717896303352,True,0.43576235370924254,False,1,False,1.0,False,0.8746474528151672,False,1.0,False,1.0,False
C:/Users/jood1/Documents/stc-lora-dataset/flagged_for_review/000124.png,0.7598624946676005,True,0.24535989135355366,True,0.29236544416257626,True,0.8723090042786408,False,1,False,1.0,False,0.7645279018746466,False,1.0,False,1.0,False
C:/Users/jood1/Documents/stc-lora-dataset/flagged_for_review/000126.png,0.7598624946676005,True,0.24535989135355366,True,0.29326299477244494,True,0.5416385769329035,False,1,False,1.0,False,0.9437089100674738,False,1.0,False,1.0,False
C:/Users/jood1/Documents/stc-lora-dataset/flagged_for_review/000128.png,0.7598624946676005,True,0.24535989135355366,True,0.29767660880227814,True,0.8141280717740784,False,1,False,1.0,False,0.8148889419708065,False,1.0,False,1.0,False
C:/Users/jood1/Documents/stc-lora-dataset/flagged_for_review/000132.png,0.7598624946676005,True,0.24535989135355366,True,0.30418928225996017,False,0.5516138898156764,False,1,False,1.0,False,0.9270217208073035,False,1.0,False,1.0,False
C:/Users/jood1/Documents/stc-lora-dataset/flagged_for_review/000133.jpg,1.0,False,0.5625,False,0.3636407029104791,False,0.730181258956925,False,1,False,1.0,False,0.9840150316657109,False,0.5,True,1.0,False
C:/Users/jood1/Documents/stc-lora-dataset/flagged_for_review/000134.jpg,1.0,False,0.5625,False,0.8685390456268703,False,0.7852152888911659,False,1,False,0.8387228991147334,False,0.4794928132823335,False,0.5,True,1.0,False
C:/Users/jood1/Documents/stc-lora-dataset/flagged_for_review/000135.jpg,1.0,False,0.5625,False,0.9144701021329045,False,0.9020319473959673,False,1,False,0.9582237748919434,False,0.4603692275232698,False,0.5,True,1.0,False
C:/Users/jood1/Documents/stc-lora-dataset/flagged_for_review/000136.jpg,1.0,False,0.5625,False,0.8786359867810276,False,0.9980748333006065,False,1,False,0.7380364339094498,False,0.5057712186580547,False,0.5,True,1.0,False
C:/Users/jood1/Documents/stc-lora-dataset/flagged_for_review/000137.jpg,1.0,False,0.5625,False,0.8409086144180533,False,1.0,False,1,False,0.8030508819210949,False,0.5314373974962552,False,0.5,True,1.0,False
C:/Users/jood1/Documents/stc-lora-dataset/flagged_for_review/000138.jpg,1.0,False,0.5625,False,0.3636407029104791,False,0.730181258956925,False,1,False,1.0,False,0.9840150316657109,False,0.5,True,1.0,False
C:/Users/jood1/Documents/stc-lora-dataset/flagged_for_review/000139.jpg,1.0,False,0.5625,False,0.8685390456268703,False,0.7852152888911659,False,1,False,0.8387228991147334,False,0.4794928132823335,False,0.5,True,1.0,False
C:/Users/jood1/Documents/stc-lora-dataset/flagged_for_review/000140.jpg,1.0,False,0.5625,False,0.9144701021329045,False,0.9020319473959673,False,1,False,0.9582237748919434,False,0.4603692275232698,False,0.5,True,1.0,False
C:/Users/jood1/Documents/stc-lora-dataset/flagged_for_review/000141.jpg,1.0,False,0.5625,False,0.8786359867810276,False,0.9980748333006065,False,1,False,0.7380364339094498,False,0.5057712186580547,False,0.5,True,1.0,False
C:/Users/jood1/Documents/stc-lora-dataset/flagged_for_review/000142.jpg,1.0,False,0.5625,False,0.8409086144180533,False,1.0,False,1,False,0.8030508819210949,False,0.5314373974962552,False,0.5,True,1.0,False
C:/Users/jood1/Documents/stc-lora-dataset/flagged_for_review/000143.jpg,1.0,False,0.5625,False,0.6415410077873465,False,1.0,False,1,False,0.4124078077863057,False,0.6570236942701699,False,0.5,True,1.0,False
C:/Users/jood1/Documents/stc-lora-dataset/flagged_for_review/000144.jpg,1.0,False,0.5625,False,0.18469272990305968,True,0.0,True,1,False,1.0,False,1.0,False,0.5,True,1.0,False
C:/Users/jood1/Documents/stc-lora-dataset/flagged_for_review/000145.jpg,1.0,False,0.5625,False,0.6415410077873465,False,1.0,False,1,False,0.4124078077863057,False,0.6570236942701699,False,0.5,True,1.0,False
C:/Users/jood1/Documents/stc-lora-dataset/flagged_for_review/000146.jpg,1.0,False,0.5625,False,0.18469272990305968,True,0.0,True,1,False,1.0,False,1.0,False,0.5,True,1.0,False
C:/Users/jood1/Documents/stc-lora-dataset/flagged_for_review/000147.jpg,1.0,False,0.5625,False,0.8729709930779193,False,0.9364023605292504,False,1,False,0.9430906596455347,False,0.5306344553810345,False,1.0,False,1.0,False
C:/Users/jood1/Documents/stc-lora-dataset/flagged_for_review/000148.jpg,1.0,False,0.5625,False,0.8381377809297144,False,0.9590952005948069,False,1,False,0.9313434711663154,False,0.46123397212884176,False,0.5,True,1.0,False
C:/Users/jood1/Documents/stc-lora-dataset/flagged_for_review/000149.jpg,1.0,False,0.5625,False,0.8733379459692512,False,0.9738501640975712,False,1,False,0.7644130962877598,False,0.4805925425433243,False,1.0,False,1.0,False
C:/Users/jood1/Documents/stc-lora-dataset/flagged_for_review/000150.jpg,1.0,False,0.5625,False,0.37462503827528126,False,0.996078431372549,False,1,False,0.03338703862770052,True,0.5917345113155693,False,0.5,True,1.0,False
C:/Users/jood1/Documents/stc-lora-dataset/flagged_for_review/000151.jpg,1.0,False,0.5625,False,0.7406137759843748,False,0.9265466013818928,False,1,False,0.29460696551368415,True,0.3716248581473187,False,0.5,True,1.0,False
C:/Users/jood1/Documents/stc-lora-dataset/flagged_for_review/000152.jpg,1.0,False,0.5625,False,0.9218079403206109,False,0.8427847098934361,False,1,False,0.9480190560948415,False,0.4691147380845887,False,0.5,True,1.0,False
C:/Users/jood1/Documents/stc-lora-dataset/flagged_for_review/000153.jpg,1.0,False,0.5625,False,0.8681148139403625,False,0.8312267388267814,False,1,False,0.740868745116421,False,0.4458826507225412,False,0.5,True,1.0,False
C:/Users/jood1/Documents/stc-lora-dataset/flagged_for_review/000155.jpg,1.0,False,0.5625,False,0.84780714378033,False,0.888942935097562,False,1,False,0.8194756624814807,False,0.45357672312014274,False,0.5,True,1.0,False
C:/Users/jood1/Documents/stc-lora-dataset/flagged_for_review/000157.jpg,1.0,False,0.5625,False,0.8381377809297144,False,0.9590952005948069,False,1,False,0.9313434711663154,False,0.46123397212884176,False,0.5,True,1.0,False
C:/Users/jood1/Documents/stc-lora-dataset/flagged_for_review/000159.jpg,1.0,False,0.5625,False,0.37462503827528126,False,0.996078431372549,False,1,False,0.03338703862770052,True,0.5917345113155693,False,0.5,True,1.0,False
C:/Users/jood1/Documents/stc-lora-dataset/flagged_for_review/000160.jpg,1.0,False,0.5625,False,0.7406137759843748,False,0.9265466013818928,False,1,False,0.29460696551368415,True,0.3716248581473187,False,0.5,True,1.0,False
C:/Users/jood1/Documents/stc-lora-dataset/flagged_for_review/000161.jpg,1.0,False,0.5625,False,0.9218079403206109,False,0.8427847098934361,False,1,False,0.9480190560948415,False,0.4691147380845887,False,0.5,True,1.0,False
C:/Users/jood1/Documents/stc-lora-dataset/flagged_for_review/000162.jpg,1.0,False,0.5625,False,0.8681148139403625,False,0.8312267388267814,False,1,False,0.740868745116421,False,0.4458826507225412,False,0.5,True,1.0,False
C:/Users/jood1/Documents/stc-lora-dataset/flagged_for_review/000164.jpg,1.0,False,0.5625,False,0.84780714378033,False,0.888942935097562,False,1,False,0.8194756624814807,False,0.45357672312014274,False,0.5,True,1.0,False
C:/Users/jood1/Documents/stc-lora-dataset/flagged_for_review/000167.jpg,0.6666666666666667,True,0.5625,False,0.4491363120974969,False,0.7437739533068064,False,1,False,1.0,False,1.0,False,0.5,True,1.0,False
C:/Users/jood1/Documents/stc-lora-dataset/flagged_for_review/000168.jpg,0.6666666666666667,True,0.5625,False,0.4491363120974969,False,0.7437739533068064,False,1,False,1.0,False,1.0,False,0.5,True,1.0,False
C:/Users/jood1/Documents/stc-lora-dataset/flagged_for_review/000169.jpg,1.0,False,0.5625,False,0.45585286499764577,False,1.0,False,1,False,0.8320991645277882,False,0.792196309123189,False,1.0,False,1.0,False
C:/Users/jood1/Documents/stc-lora-dataset/flagged_for_review/000190.jpg,1.0,False,0.5625,False,0.7962799165738383,False,0.8389068484999824,False,1,False,0.939057058117671,False,0.5444457141855631,False,0.5,True,1.0,False
C:/Users/jood1/Documents/stc-lora-dataset/flagged_for_review/000191.jpg,1.0,False,0.5625,False,0.8519508396081611,False,0.826864099665548,False,1,False,1.0,False,0.5714682009286278,False,0.5,True,1.0,False
C:/Users/jood1/Documents/stc-lora-dataset/flagged_for_review/000193.jpg,1.0,False,0.5625,False,0.7962799165738383,False,0.8389068484999824,False,1,False,0.939057058117671,False,0.5444457141855631,False,0.5,True,1.0,False
C:/Users/jood1/Documents/stc-lora-dataset/flagged_for_review/000194.jpg,1.0,False,0.5625,False,0.8519508396081611,False,0.826864099665548,False,1,False,1.0,False,0.5714682009286278,False,0.5,True,1.0,False
C:/Users/jood1/Documents/stc-lora-dataset/flagged_for_review/000195.jpg,1.0,False,0.5625,False,0.835475229344711,False,0.6762571826824479,False,1,False,0.9112623016406222,False,0.42372711828619813,False,0.5,True,1.0,False
C:/Users/jood1/Documents/stc-lora-dataset/flagged_for_review/000196.jpg,1.0,False,0.5625,False,0.835475229344711,False,0.6762571826824479,False,1,False,0.9112623016406222,False,0.42372711828619813,False,0.5,True,1.0,False
C:/Users/jood1/Documents/stc-lora-dataset/flagged_for_review/000205.jpg,1.0,False,0.5625,False,0.23523127595095078,True,0.569766620023882,False,1,False,1.0,False,1.0,False,0.5,True,1.0,False
C:/Users/jood1/Documents/stc-lora-dataset/flagged_for_review/000206.jpg,1.0,False,0.5625,False,0.9039433739694929,False,0.7675828499407235,False,1,False,0.9810221662024492,False,0.5101600421081975,False,0.5,True,1.0,False
C:/Users/jood1/Documents/stc-lora-dataset/flagged_for_review/000207.jpg,1.0,False,0.5625,False,0.707575560543752,False,0.9482048514946722,False,1,False,0.9612171254032029,False,0.7204532882389034,False,0.5,True,1.0,False
C:/Users/jood1/Documents/stc-lora-dataset/flagged_for_review/000208.jpg,1.0,False,0.5625,False,0.8482223215836089,False,0.9470017736581082,False,1,False,0.977066431956772,False,0.5500861334795739,False,0.5,True,1.0,False
C:/Users/jood1/Documents/stc-lora-dataset/flagged_for_review/000209.jpg,1.0,False,0.5625,False,0.829284914540811,False,0.9470017736581082,False,1,False,0.983755853158499,False,0.5907056869116736,False,0.5,True,1.0,False
C:/Users/jood1/Documents/stc-lora-dataset/flagged_for_review/000210.jpg,1.0,False,0.5625,False,0.8064610604701272,False,0.9482048514946722,False,1,False,0.9796659898911093,False,0.5750800625909858,False,0.5,True,1.0,False
C:/Users/jood1/Documents/stc-lora-dataset/flagged_for_review/000211.jpg,1.0,False,0.5625,False,0.914972631956855,False,0.829301176271893,False,1,False,0.9735936278013265,False,0.4786868051460803,False,0.5,True,1.0,False
C:/Users/jood1/Documents/stc-lora-dataset/flagged_for_review/000212.jpg,1.0,False,0.5625,False,0.8400458929801324,False,0.9478769090613715,False,1,False,0.9791694650135477,False,0.5714448411635057,False,0.5,True,1.0,False
C:/Users/jood1/Documents/stc-lora-dataset/flagged_for_review/000213.jpg,1.0,False,0.5625,False,0.867368594951913,False,0.9059924663746781,False,1,False,0.9686274509803922,False,0.5530649843091225,False,0.5,True,1.0,False
C:/Users/jood1/Documents/stc-lora-dataset/flagged_for_review/000214.jpg,1.0,False,0.5625,False,0.7260367635306156,False,0.9505764097561957,False,1,False,0.9716386314583487,False,0.5211938650251172,False,0.5,True,1.0,False
C:/Users/jood1/Documents/stc-lora-dataset/flagged_for_review/000216.jpg,1.0,False,0.5625,False,0.23523127595095078,True,0.569766620023882,False,1,False,1.0,False,1.0,False,0.5,True,1.0,False
C:/Users/jood1/Documents/stc-lora-dataset/flagged_for_review/000217.jpg,1.0,False,0.5625,False,0.9039433739694929,False,0.7675828499407235,False,1,False,0.9810221662024492,False,0.5101600421081975,False,0.5,True,1.0,False
C:/Users/jood1/Documents/stc-lora-dataset/flagged_for_review/000218.jpg,1.0,False,0.5625,False,0.707575560543752,False,0.9482048514946722,False,1,False,0.9612171254032029,False,0.7204532882389034,False,0.5,True,1.0,False
C:/Users/jood1/Documents/stc-lora-dataset/flagged_for_review/000219.jpg,1.0,False,0.5625,False,0.8482223215836089,False,0.9470017736581082,False,1,False,0.977066431956772,False,0.5500861334795739,False,0.5,True,1.0,False
C:/Users/jood1/Documents/stc-lora-dataset/flagged_for_review/000220.jpg,1.0,False,0.5625,False,0.829284914540811,False,0.9470017736581082,False,1,False,0.983755853158499,False,0.5907056869116736,False,0.5,True,1.0,False
C:/Users/jood1/Documents/stc-lora-dataset/flagged_for_review/000221.jpg,1.0,False,0.5625,False,0.8064610604701272,False,0.9482048514946722,False,1,False,0.9796659898911093,False,0.5750800625909858,False,0.5,True,1.0,False
C:/Users/jood1/Documents/stc-lora-dataset/flagged_for_review/000222.jpg,1.0,False,0.5625,False,0.914972631956855,False,0.829301176271893,False,1,False,0.9735936278013265,False,0.4786868051460803,False,0.5,True,1.0,False
C:/Users/jood1/Documents/stc-lora-dataset/flagged_for_review/000223.jpg,1.0,False,0.5625,False,0.8400458929801324,False,0.9478769090613715,False,1,False,0.9791694650135477,False,0.5714448411635057,False,0.5,True,1.0,False
C:/Users/jood1/Documents/stc-lora-dataset/flagged_for_review/000224.jpg,1.0,False,0.5625,False,0.867368594951913,False,0.9059924663746781,False,1,False,0.9686274509803922,False,0.5530649843091225,False,0.5,True,1.0,False
C:/Users/jood1/Documents/stc-lora-dataset/flagged_for_review/000225.jpg,1.0,False,0.5625,False,0.7260367635306156,False,0.9505764097561957,False,1,False,0.9716386314583487,False,0.5211938650251172,False,0.5,True,1.0,False
C:/Users/jood1/Documents/stc-lora-dataset/flagged_for_review/000234.jpg,1.0,False,0.5625,False,0.8537985113779851,False,0.6700986830994251,False,1,False,0.9864925888395958,False,0.38130860915431497,False,1.0,False,1.0,False
C:/Users/jood1/Documents/stc-lora-dataset/flagged_for_review/000240.jpg,1.0,False,0.5625,False,0.9023438695556651,False,0.9191375782133087,False,1,False,0.9836312296798724,False,0.5156247185806584,False,0.5,True,1.0,False
C:/Users/jood1/Documents/stc-lora-dataset/flagged_for_review/000241.jpg,1.0,False,0.5625,False,0.2066969749977463,True,0.0,True,1,False,1.0,False,1.0,False,0.5,True,1.0,False
C:/Users/jood1/Documents/stc-lora-dataset/flagged_for_review/000243.jpg,1.0,False,0.5625,False,0.9023438695556651,False,0.9191375782133087,False,1,False,0.9836312296798724,False,0.5156247185806584,False,0.5,True,1.0,False
C:/Users/jood1/Documents/stc-lora-dataset/flagged_for_review/000244.jpg,1.0,False,0.5625,False,0.2066969749977463,True,0.0,True,1,False,1.0,False,1.0,False,0.5,True,1.0,False
C:/Users/jood1/Documents/stc-lora-dataset/flagged_for_review/000255.jpg,1.0,False,0.5625,False,0.6358566740317106,False,0.9233969974980702,False,1,False,0.6370218699111498,False,0.5737048615410415,False,0.5,True,1.0,False
C:/Users/jood1/Documents/stc-lora-dataset/flagged_for_review/000256.jpg,1.0,False,0.5625,False,0.1972857308340998,True,0.0039215686274509665,True,1,False,0.996078431372549,False,1.0,False,0.5,True,1.0,False
C:/Users/jood1/Documents/stc-lora-dataset/flagged_for_review/000257.jpg,1.0,False,0.5625,False,0.6358566740317106,False,0.9233969974980702,False,1,False,0.6370218699111498,False,0.5737048615410415,False,0.5,True,1.0,False
C:/Users/jood1/Documents/stc-lora-dataset/flagged_for_review/000258.jpg,1.0,False,0.5625,False,0.1972857308340998,True,0.0039215686274509665,True,1,False,0.996078431372549,False,1.0,False,0.5,True,1.0,False
C:/Users/jood1/Documents/stc-lora-dataset/flagged_for_review/000359.jpg,1.0,False,0.5625,False,0.17238869462349654,True,0.0,True,1,False,1.0,False,1.0,False,0.5,True,1.0,False
C:/Users/jood1/Documents/stc-lora-dataset/flagged_for_review/000361.jpg,1.0,False,0.5625,False,0.17238869462349654,True,0.0,True,1,False,1.0,False,1.0,False,0.5,True,1.0,False
C:/Users/jood1/Documents/stc-lora-dataset/flagged_for_review/000363.jpg,1.0,False,0.5625,False,0.18857102875113144,True,0.008114514367209558,True,1,False,0.9918854856327904,False,1.0,False,0.5,True,1.0,False
C:/Users/jood1/Documents/stc-lora-dataset/flagged_for_review/000364.jpg,1.0,False,0.5625,False,0.18857102875113144,True,0.008114514367209558,True,1,False,0.9918854856327904,False,1.0,False,0.5,True,1.0,False
C:/Users/jood1/Documents/stc-lora-dataset/flagged_for_review/000366.jpg,1.0,False,0.5625,False,0.8037547654342714,False,0.9509098546720436,False,1,False,0.4834702188535114,False,0.3473445996885002,False,1.0,False,1.0,False
C:/Users/jood1/Documents/stc-lora-dataset/flagged_for_review/000395.jpg,0.44305337860837524,True,0.5660377358490566,False,0.9032802034702355,False,0.9913939659768815,False,1,False,0.9978787479350024,False,0.5658947095600889,False,0.5,True,1.0,False
C:/Users/jood1/Documents/stc-lora-dataset/flagged_for_review/000397.jpg,0.44305337860837524,True,0.5660377358490566,False,0.2042984778896583,True,0.0,True,1,False,1.0,False,1.0,False,0.5,True,1.0,False
C:/Users/jood1/Documents/stc-lora-dataset/flagged_for_review/000398.jpg,0.44305337860837524,True,0.5660377358490566,False,0.9032802034702355,False,0.9913939659768815,False,1,False,0.9978787479350024,False,0.5658947095600889,False,0.5,True,1.0,False
C:/Users/jood1/Documents/stc-lora-dataset/flagged_for_review/000400.jpg,0.44305337860837524,True,0.5660377358490566,False,0.2042984778896583,True,0.0,True,1,False,1.0,False,1.0,False,0.5,True,1.0,False
C:/Users/jood1/Documents/stc-lora-dataset/flagged_for_review/000429.jpg,1.0,False,0.5625,False,0.29726229421421,True,0.7875714110083298,False,1,False,1.0,False,1.0,False,0.5,True,1.0,False
C:/Users/jood1/Documents/stc-lora-dataset/flagged_for_review/000431.jpg,1.0,False,0.5625,False,0.29726229421421,True,0.7875714110083298,False,1,False,1.0,False,1.0,False,0.5,True,1.0,False
C:/Users/jood1/Documents/stc-lora-dataset/flagged_for_review/000435.jpg,1.0,False,0.5625,False,0.9486686891221068,False,0.9579118574626552,False,1,False,0.93605757470378,False,0.548461103647103,False,0.5,True,1.0,False
C:/Users/jood1/Documents/stc-lora-dataset/flagged_for_review/000438.jpg,1.0,False,0.5625,False,0.9486686891221068,False,0.9579118574626552,False,1,False,0.93605757470378,False,0.548461103647103,False,0.5,True,1.0,False
C:/Users/jood1/Documents/stc-lora-dataset/flagged_for_review/000454.jpg,1.0,False,0.5625,False,0.2008975161970477,True,0.0039215686274509665,True,1,False,0.996078431372549,False,1.0,False,0.5,True,1.0,False
C:/Users/jood1/Documents/stc-lora-dataset/flagged_for_review/000456.jpg,1.0,False,0.5625,False,0.2008975161970477,True,0.0039215686274509665,True,1,False,0.996078431372549,False,1.0,False,0.5,True,1.0,False
C:/Users/jood1/Documents/stc-lora-dataset/flagged_for_review/000468.jpg,1.0,False,0.5625,False,0.8245200994354323,False,0.9921568627450981,False,1,False,0.9181185649720874,False,0.5812462043843625,False,0.5,True,1.0,False
C:/Users/jood1/Documents/stc-lora-dataset/flagged_for_review/000471.jpg,1.0,False,0.5625,False,0.8245200994354323,False,0.9921568627450981,False,1,False,0.9181185649720874,False,0.5812462043843625,False,0.5,True,1.0,False
C:/Users/jood1/Documents/stc-lora-dataset/flagged_for_review/000534.jpg,1.0,False,0.5625,False,0.8421606666010842,False,0.8954479355576282,False,1,False,0.8435327025213611,False,0.387079839934532,False,1.0,False,1.0,False
C:/Users/jood1/Documents/stc-lora-dataset/flagged_for_review/000674.jpg,1.0,False,0.5625,False,0.9217201792844384,False,0.9094353650978293,False,1,False,1.0,False,0.5862664138333091,False,1.0,False,1.0,False
C:/Users/jood1/Documents/stc-lora-dataset/flagged_for_review/000759.jpg,0.6666666666666667,True,0.5625,False,0.8092676352822359,False,0.8270503759121572,False,1,False,0.927146631653229,False,0.5560891252755809,False,1.0,False,1.0,False
C:/Users/jood1/Documents/stc-lora-dataset/flagged_for_review/000780.jpg,1.0,False,0.5625,False,0.9127900286760016,False,0.960350633297714,False,1,False,0.8939099087877005,False,0.41573316072872,False,1.0,False,1.0,False
C:/Users/jood1/Documents/stc-lora-dataset/flagged_for_review/000782.jpg,1.0,False,0.5625,False,0.7832085187227893,False,0.9425852352653536,False,1,False,0.6176192959835709,False,0.35725625663095284,False,1.0,False,1.0,False
C:/Users/jood1/Documents/stc-lora-dataset/flagged_for_review/000864.jpg,1.0,False,0.5625,False,0.8875337725878799,False,0.9934005697355411,False,1,False,0.9892390094220905,False,0.5555770235144498,False,1.0,False,1.0,False
C:/Users/jood1/Documents/stc-lora-dataset/flagged_for_review/000972.jpg,1.0,False,0.5625,False,0.8585088783639021,False,0.7984513933816146,False,1,False,0.9401263095420306,False,0.4789601722613156,False,1.0,False,1.0,False
C:/Users/jood1/Documents/stc-lora-dataset/flagged_for_review/001143.jpg,0.6666666666666667,True,0.5625,False,0.8791392892649231,False,0.9737187600074146,False,1,False,0.9972918423605541,False,0.5239476001708635,False,1.0,False,1.0,False
C:/Users/jood1/Documents/stc-lora-dataset/flagged_for_review/001181.jpg,1.0,False,0.5625,False,0.8709909307636545,False,0.7367141648548454,False,1,False,1.0,False,0.4059608182866551,False,1.0,False,1.0,False
C:/Users/jood1/Documents/stc-lora-dataset/flagged_for_review/001205.jpg,1.0,False,0.5625,False,0.8725953485321329,False,0.92851119143463,False,1,False,0.8133645596894802,False,0.47730049084349147,False,1.0,False,1.0,False
C:/Users/jood1/Documents/stc-lora-dataset/flagged_for_review/001206.jpg,1.0,False,0.5625,False,0.7857198713975299,False,0.957646332613343,False,1,False,0.9921404400717855,False,0.49317473268197143,False,1.0,False,1.0,False
C:/Users/jood1/Documents/stc-lora-dataset/flagged_for_review/001208.jpg,1.0,False,0.5625,False,0.8142205091375978,False,0.9460081029047732,False,1,False,0.9008643634350232,False,0.43429204754602124,False,1.0,False,1.0,False
C:/Users/jood1/Documents/stc-lora-dataset/flagged_for_review/001209.jpg,1.0,False,0.5625,False,0.815850745693679,False,0.9427858054999673,False,1,False,0.9957051099084164,False,0.46714326057944777,False,1.0,False,1.0,False
C:/Users/jood1/Documents/stc-lora-dataset/flagged_for_review/001210.jpg,1.0,False,0.5625,False,0.7213325712481512,False,0.9422449990181949,False,1,False,0.9926921597113206,False,0.6436713449220794,False,1.0,False,1.0,False
C:/Users/jood1/Documents/stc-lora-dataset/flagged_for_review/001211.jpg,1.0,False,0.5625,False,0.8754697442670262,False,0.931790403757185,False,1,False,0.9347284596869361,False,0.5018685089897024,False,1.0,False,1.0,False
C:/Users/jood1/Documents/stc-lora-dataset/flagged_for_review/001212.jpg,1.0,False,0.5625,False,0.7666667955346957,False,0.9531094511883417,False,1,False,0.9906910042479096,False,0.48149959636341144,False,1.0,False,1.0,False
C:/Users/jood1/Documents/stc-lora-dataset/flagged_for_review/001213.jpg,1.0,False,0.5625,False,0.8310834185690095,False,0.9347123008513034,False,1,False,0.8929477978098967,False,0.44829770403218383,False,1.0,False,1.0,False
C:/Users/jood1/Documents/stc-lora-dataset/flagged_for_review/001214.jpg,1.0,False,0.5625,False,0.8959846458624718,False,0.9734581931192469,False,1,False,0.9972918423605541,False,0.4948724044441315,False,1.0,False,1.0,False
C:/Users/jood1/Documents/stc-lora-dataset/flagged_for_review/001283.jpg,1.0,False,0.5625,False,0.6847297809625039,False,1.0,False,1,False,0.8303116056956353,False,0.6961061113817816,False,1.0,False,1.0,False
C:/Users/jood1/Documents/stc-lora-dataset/flagged_for_review/001309.jpg,1.0,False,0.5625,False,0.8041132414508741,False,1.0,False,1,False,0.8951804828557273,False,0.7484932227107371,False,1.0,False,1.0,False
C:/Users/jood1/Documents/stc-lora-dataset/flagged_for_review/001430.jpg,1.0,False,0.5625,False,0.8702374440510486,False,0.7544431901441343,False,1,False,0.8131751694494552,False,0.3824031233652191,False,1.0,False,1.0,False
C:/Users/jood1/Documents/stc-lora-dataset/flagged_for_review/001592.jpg,0.6666666666666667,True,0.5625,False,0.661593733191097,False,0.8152182829171425,False,1,False,1.0,False,1.0,False,1.0,False,1.0,False
C:/Users/jood1/Documents/stc-lora-dataset/flagged_for_review/001602.jpg,1.0,False,0.5625,False,0.8889437992770808,False,0.806457377728033,False,1,False,0.9177797541062286,False,0.4667213311538084,False,1.0,False,1.0,False
C:/Users/jood1/Documents/stc-lora-dataset/flagged_for_review/001633.jpg,1.0,False,0.5625,False,0.8408050266070579,False,0.9593176236216552,False,1,False,0.9430191203011683,False,0.5169489261880928,False,1.0,False,1.0,False
C:/Users/jood1/Documents/stc-lora-dataset/flagged_for_review/001761.jpg,1.0,False,0.5625,False,0.8240047389785448,False,0.9921568627450981,False,1,False,0.9238604044470335,False,0.5280904523547896,False,1.0,False,1.0,False
C:/Users/jood1/Documents/stc-lora-dataset/flagged_for_review/001851.jpg,1.0,False,0.5625,False,0.9262217073315381,False,0.9740962655161922,False,1,False,0.9167336650779169,False,0.5099988534859698,False,1.0,False,1.0,False
C:/Users/jood1/Documents/stc-lora-dataset/flagged_for_review/002194.jpg,1.0,False,0.5625,False,0.8545475849911268,False,0.7742888720861792,False,1,False,0.9513109997386554,False,0.5191877741065913,False,1.0,False,1.0,False
C:/Users/jood1/Documents/stc-lora-dataset/flagged_for_review/002253.jpg,1.0,False,0.5625,False,0.8740073034906968,False,0.9618286104673371,False,1,False,0.8997308879555992,False,0.5359346435627568,False,1.0,False,1.0,False
C:/Users/jood1/Documents/stc-lora-dataset/flagged_for_review/002376.jpg,1.0,False,0.5625,False,0.8317238472398283,False,0.8274577987086887,False,1,False,1.0,False,0.529913499737375,False,1.0,False,1.0,False
C:/Users/jood1/Documents/stc-lora-dataset/flagged_for_review/002425.jpg,1.0,False,0.5625,False,0.83739447820523,False,0.8837140831571662,False,1,False,0.9891873409724656,False,0.5896702018146412,False,1.0,False,1.0,False
C:/Users/jood1/Documents/stc-lora-dataset/flagged_for_review/002451.jpg,1.0,False,0.5625,False,0.8783712754890127,False,0.9980748333006065,False,1,False,0.8700414905678329,False,0.5140294094548687,False,1.0,False,1.0,False
C:/Users/jood1/Documents/stc-lora-dataset/flagged_for_review/002477.jpg,1.0,False,0.5625,False,0.9056432917498022,False,0.8389152018729882,False,1,False,0.9398716772538472,False,0.5691348404858189,False,1.0,False,1.0,False
C:/Users/jood1/Documents/stc-lora-dataset/flagged_for_review/002575.jpg,1.0,False,0.5625,False,0.8944420907563881,False,0.9393297718322364,False,1,False,0.8825253949118744,False,0.4990457606348444,False,1.0,False,1.0,False
C:/Users/jood1/Documents/stc-lora-dataset/flagged_for_review/002708.jpg,1.0,False,0.5625,False,0.8020142855754708,False,0.7466061202687111,False,1,False,0.8521806300431173,False,0.4137501907782477,False,1.0,False,1.0,False
C:/Users/jood1/Documents/stc-lora-dataset/flagged_for_review/002802.jpg,1.0,False,0.5625,False,0.8232175093312709,False,0.8836773237349812,False,1,False,1.0,False,0.5584351423433105,False,1.0,False,1.0,False
C:/Users/jood1/Documents/stc-lora-dataset/flagged_for_review/002803.jpg,1.0,False,0.5625,False,0.9094553899316591,False,0.8094143871720809,False,1,False,1.0,False,0.4971444122459079,False,1.0,False,1.0,False
C:/Users/jood1/Documents/stc-lora-dataset/flagged_for_review/002943.jpg,1.0,False,0.5625,False,0.9006711748809654,False,0.9241535779448886,False,1,False,1.0,False,0.5704484205843666,False,1.0,False,1.0,False
C:/Users/jood1/Documents/stc-lora-dataset/flagged_for_review/003038.jpg,1.0,False,0.5625,False,0.6876581189099524,False,0.9857998056015602,False,1,False,0.7721361791312553,False,0.6210454193693441,False,1.0,False,1.0,False
C:/Users/jood1/Documents/stc-lora-dataset/flagged_for_review/003125.jpg,1.0,False,0.5625,False,0.7934924307621553,False,0.8955078188716734,False,1,False,0.48113923501995376,False,0.31924749803351815,False,1.0,False,1.0,False
C:/Users/jood1/Documents/stc-lora-dataset/flagged_for_review/003314.jpg,1.0,False,0.5625,False,0.8919123656365477,False,0.8908462526464502,False,1,False,0.7716918206457282,False,0.3775470022506505,False,1.0,False,1.0,False
C:/Users/jood1/Documents/stc-lora-dataset/flagged_for_review/003333.jpg,1.0,False,0.5625,False,0.9038194544207617,False,0.9454720019078975,False,1,False,1.0,False,0.5674561876679003,False,1.0,False,1.0,False
C:/Users/jood1/Documents/stc-lora-dataset/flagged_for_review/003447.jpg,1.0,False,0.5625,False,0.7944927975689245,False,0.9392206200610822,False,1,False,0.772019605602127,False,0.43310430310256065,False,1.0,False,1.0,False
C:/Users/jood1/Documents/stc-lora-dataset/flagged_for_review/003593.jpg,1.0,False,0.5625,False,0.2814216940390601,True,0.10588235294117643,False,1,False,1.0,False,1.0,False,1.0,False,1.0,False
C:/Users/jood1/Documents/stc-lora-dataset/flagged_for_review/003841.jpg,0.6666666666666667,True,0.5625,False,0.8672957739721424,False,0.9779790739486293,False,1,False,0.9836327411188126,False,0.5460488498101488,False,1.0,False,1.0,False
C:/Users/jood1/Documents/stc-lora-dataset/flagged_for_review/003847.jpg,0.6666666666666667,True,0.5625,False,0.8761304827215108,False,0.988448999803639,False,1,False,0.8732731342116244,False,0.5367715668985774,False,1.0,False,1.0,False
C:/Users/jood1/Documents/stc-lora-dataset/flagged_for_review/003863.jpg,0.6666666666666667,True,0.5625,False,0.840683956924425,False,0.9803921568627451,False,1,False,0.9317177335091902,False,0.42706606321957763,False,1.0,False,1.0,False
C:/Users/jood1/Documents/stc-lora-dataset/flagged_for_review/003930.jpg,1.0,False,0.5625,False,0.8872373411636293,False,0.9623995386418155,False,1,False,0.9473894847592368,False,0.5292602795720049,False,1.0,False,1.0,False
C:/Users/jood1/Documents/stc-lora-dataset/flagged_for_review/004047.jpg,1.0,False,0.5625,False,0.9012046974932648,False,0.9116087652500383,False,1,False,0.6854758938697326,False,0.4278339235937696,False,1.0,False,1.0,False
C:/Users/jood1/Documents/stc-lora-dataset/flagged_for_review/004156.jpg,1.0,False,0.5625,False,0.856744485050688,False,0.815690014640163,False,1,False,1.0,False,0.5869392253097359,False,1.0,False,1.0,False
C:/Users/jood1/Documents/stc-lora-dataset/flagged_for_review/004185.jpg,0.6666666666666667,True,0.5625,False,0.6532553594799827,False,0.8131854680225886,False,1,False,0.9811133739371115,False,0.7087118187682985,False,1.0,False,1.0,False
C:/Users/jood1/Documents/stc-lora-dataset/flagged_for_review/004234.jpg,1.0,False,0.5625,False,0.6705585655480268,False,0.9756748919749448,False,1,False,0.391181453602347,False,0.5368885296549579,False,1.0,False,1.0,False
C:/Users/jood1/Documents/stc-lora-dataset/flagged_for_review/004404.jpg,1.0,False,0.5625,False,0.731064164707332,False,0.7084488447552171,False,1,False,0.9962421974376521,False,0.7534225479588168,False,1.0,False,1.0,False
C:/Users/jood1/Documents/stc-lora-dataset/flagged_for_review/004405.jpg,1.0,False,0.5625,False,0.860103749286492,False,0.9256783593640422,False,1,False,0.7575814529302535,False,0.4668812035770161,False,1.0,False,1.0,False
C:/Users/jood1/Documents/stc-lora-dataset/flagged_for_review/004521.jpg,1.0,False,0.5625,False,0.8648687978701318,False,0.7019028178145377,False,1,False,0.9090758158196225,False,0.476346170241289,False,1.0,False,1.0,False
C:/Users/jood1/Documents/stc-lora-dataset/flagged_for_review/004522.jpg,1.0,False,0.5625,False,0.7989128485022057,False,0.8691723327874946,False,1,False,0.9934536901764383,False,0.5864303341724464,False,1.0,False,1.0,False
C:/Users/jood1/Documents/stc-lora-dataset/flagged_for_review/004528.jpg,1.0,False,0.5625,False,0.8753737734160757,False,0.7047834646091684,False,1,False,0.9025112386822185,False,0.4658298855749545,False,1.0,False,1.0,False
C:/Users/jood1/Documents/stc-lora-dataset/flagged_for_review/004564.jpg,1.0,False,0.5625,False,0.6754637181751014,False,1.0,False,1,False,1.0,False,0.7696603813765179,False,1.0,False,1.0,False
C:/Users/jood1/Documents/stc-lora-dataset/flagged_for_review/004607.jpg,1.0,False,0.5625,False,0.8966508182175983,False,0.7861705595480396,False,1,False,0.99438033424588,False,0.5610557484734284,False,1.0,False,1.0,False
C:/Users/jood1/Documents/stc-lora-dataset/flagged_for_review/004726.jpg,1.0,False,0.5625,False,0.9083225762773797,False,0.9019607843137255,False,1,False,1.0,False,0.49069285504871674,False,1.0,False,1.0,False
C:/Users/jood1/Documents/stc-lora-dataset/flagged_for_review/004763.jpg,1.0,False,0.5625,False,0.7524503702053792,False,0.8867146447982306,False,1,False,1.0,False,0.8041925334609304,False,1.0,False,1.0,False
C:/Users/jood1/Documents/stc-lora-dataset/flagged_for_review/004843.jpg,1.0,False,0.5625,False,0.7472186319741767,False,1.0,False,1,False,0.6912503200708682,False,0.7286871592533558,False,1.0,False,1.0,False
C:/Users/jood1/Documents/stc-lora-dataset/flagged_for_review/004905.jpg,1.0,False,0.5625,False,0.6598409253320743,False,0.3855538253871097,False,1,False,0.9962421974376521,False,0.8103595302758406,False,1.0,False,1.0,False
C:/Users/jood1/Documents/stc-lora-dataset/flagged_for_review/004977.jpg,1.0,False,0.5625,False,0.9095699861388845,False,0.9633529464220149,False,1,False,1.0,False,0.49959364613660595,False,1.0,False,1.0,False
C:/Users/jood1/Documents/stc-lora-dataset/flagged_for_review/005276.jpg,1.0,False,0.5625,False,0.8075187573902277,False,0.9057422611243674,False,1,False,0.9952358023058981,False,0.8504002751150098,False,1.0,False,1.0,False
C:/Users/jood1/Documents/stc-lora-dataset/flagged_for_review/005413.jpg,1.0,False,0.5625,False,0.5477094458904922,False,0.9411764705882353,False,1,False,1.0,False,0.9473997575697877,False,1.0,False,1.0,False
C:/Users/jood1/Documents/stc-lora-dataset/flagged_for_review/005499.jpg,1.0,False,0.5625,False,0.8990924708905574,False,0.7888980596500095,False,1,False,1.0,False,0.5618495793469411,False,1.0,False,1.0,False
C:/Users/jood1/Documents/stc-lora-dataset/flagged_for_review/005691.jpg,1.0,False,0.5625,False,0.8720320751353621,False,0.708315827845715,False,1,False,0.9887301982059062,False,0.568113296737351,False,1.0,False,1.0,False
C:/Users/jood1/Documents/stc-lora-dataset/flagged_for_review/005889.jpg,1.0,False,0.5625,False,0.8769203398027102,False,0.829657016504513,False,1,False,0.8136818981945233,False,0.47209169545162954,False,1.0,False,1.0,False
C:/Users/jood1/Documents/stc-lora-dataset/flagged_for_review/005955.jpg,0.6666666666666667,True,0.5625,False,0.9083872582149678,False,0.9811666692184424,False,1,False,0.9598743029333356,False,0.5209396646406308,False,1.0,False,1.0,False
C:/Users/jood1/Documents/stc-lora-dataset/flagged_for_review/006031.jpg,1.0,False,0.5625,False,0.8994185755886046,False,0.9202514524627908,False,1,False,0.929655300268017,False,0.488014815045284,False,1.0,False,1.0,False
C:/Users/jood1/Documents/stc-lora-dataset/flagged_for_review/006095.jpg,0.6666666666666667,True,0.5625,False,0.7619769157983083,False,0.5650021676067211,False,1,False,0.9954440854893056,False,0.6690279541278528,False,1.0,False,1.0,False
C:/Users/jood1/Documents/stc-lora-dataset/flagged_for_review/006246.jpg,1.0,False,0.5625,False,0.9062626408213839,False,0.9513807723588245,False,1,False,0.8693666398471053,False,0.5246707167872873,False,1.0,False,1.0,False
C:/Users/jood1/Documents/stc-lora-dataset/flagged_for_review/006296.jpg,0.6666666666666667,True,0.5625,False,0.8040808946534176,False,0.879762186179402,False,1,False,1.0,False,0.7889026169567644,False,1.0,False,1.0,False
C:/Users/jood1/Documents/stc-lora-dataset/flagged_for_review/006398.jpg,1.0,False,0.5625,False,0.8697856141859819,False,0.8846556731976375,False,1,False,1.0,False,0.5760179511610858,False,1.0,False,1.0,False
C:/Users/jood1/Documents/stc-lora-dataset/flagged_for_review/006545.jpg,1.0,False,0.5625,False,0.8943687672116409,False,0.8374716775635633,False,1,False,0.9441799136512915,False,0.46020183629170675,False,1.0,False,1.0,False
C:/Users/jood1/Documents/stc-lora-dataset/flagged_for_review/006663.jpg,1.0,False,0.5625,False,0.8352885832920471,False,0.9157199337592115,False,1,False,0.7990192854564488,False,0.34909034169638997,False,1.0,False,1.0,False
C:/Users/jood1/Documents/stc-lora-dataset/flagged_for_review/006667.jpg,1.0,False,0.5625,False,0.8984477064775203,False,0.8946704335423081,False,1,False,0.9891873409724656,False,0.5733811745936791,False,1.0,False,1.0,False
C:/Users/jood1/Documents/stc-lora-dataset/flagged_for_review/007040.jpg,1.0,False,0.5625,False,0.8909623881098551,False,0.9209891991479142,False,1,False,0.8161937806561009,False,0.5113628182595358,False,1.0,False,1.0,False
C:/Users/jood1/Documents/stc-lora-dataset/flagged_for_review/007330.jpg,0.6666666666666667,True,0.5625,False,0.864324504217816,False,0.75954116012992,False,1,False,1.0,False,0.5730442430423324,False,1.0,False,1.0,False
C:/Users/jood1/Documents/stc-lora-dataset/flagged_for_review/007331.jpg,0.6666666666666667,True,0.5625,False,0.808316039538428,False,0.732345656927372,False,1,False,0.9994686169859808,False,0.7619477034267795,False,1.0,False,1.0,False
C:/Users/jood1/Documents/stc-lora-dataset/flagged_for_review/007332.jpg,0.6666666666666667,True,0.5625,False,0.7911782034772764,False,0.8898143888859428,False,1,False,0.9843538231032857,False,0.5539207391923715,False,1.0,False,1.0,False
C:/Users/jood1/Documents/stc-lora-dataset/flagged_for_review/007619.jpg,1.0,False,0.5625,False,0.8938365454005601,False,0.7725778246772591,False,1,False,0.988770598871845,False,0.5012804981778802,False,1.0,False,1.0,False
C:/Users/jood1/Documents/stc-lora-dataset/flagged_for_review/007625.jpg,1.0,False,0.5625,False,0.6749877347657791,False,1.0,False,1,False,0.8436230246776363,False,0.7707966364269913,False,1.0,False,1.0,False
C:/Users/jood1/Documents/stc-lora-dataset/flagged_for_review/007667.jpg,1.0,False,0.5625,False,0.45033320123571174,False,0.9921568627450981,False,1,False,0.5293278074313758,False,0.8938754960136187,False,1.0,False,1.0,False
C:/Users/jood1/Documents/stc-lora-dataset/flagged_for_review/007950.jpg,0.6666666666666667,True,0.5625,False,0.9064377066755314,False,0.9561983429588101,False,1,False,0.9954021557889692,False,0.5420367623051101,False,1.0,False,1.0,False
C:/Users/jood1/Documents/stc-lora-dataset/flagged_for_review/007951.jpg,0.6666666666666667,True,0.5625,False,0.710869598073339,False,0.8371121344378138,False,1,False,1.0,False,0.9667990911460987,False,1.0,False,1.0,False
C:/Users/jood1/Documents/stc-lora-dataset/flagged_for_review/007963.jpg,0.6666666666666667,True,0.5625,False,0.836962751219084,False,0.6766404486307147,False,1,False,0.9986788658643893,False,0.5693790527694667,False,1.0,False,1.0,False
C:/Users/jood1/Documents/stc-lora-dataset/flagged_for_review/008215.jpg,0.6666666666666667,True,0.5625,False,0.5024935283522146,False,0.8410265534469417,False,1,False,1.0,False,1.0,False,1.0,False,1.0,False
C:/Users/jood1/Documents/stc-lora-dataset/flagged_for_review/008259.jpg,0.44461802166037445,True,0.5620608899297423,False,0.9154393673710207,False,0.8862745098039215,False,1,False,0.9989411387528347,False,0.5104918873441712,False,1.0,False,1.0,False
